,chrom_presence,location
group_32030,1.0,chrom
group_35076,0.0,plasmid
group_46247,0.7854077253218884,chrom
group_15192,0.12121212121212122,plasmid
group_24072,0.013157894736842105,plasmid
group_38530,1.0,chrom
group_47251,1.0,chrom
rhsC,0.017094017094017096,plasmid
group_12823,0.058823529411764705,plasmid
group_45694,0.9852941176470589,chrom
plsC,1.0,chrom
group_10146,0.9907407407407407,chrom
group_14368,0.026455026455026454,plasmid
group_45049,0.9952153110047847,chrom
group_35234,0.875,chrom
ynfE~~~dmsA,0.9925595238095238,chrom
ypdF,0.997093023255814,chrom
group_47332,1.0,chrom
tssE~~~tssF~~~impG~~~impF,1.0,chrom
puuA,1.0,chrom
group_28291,0.0,plasmid
group_35446,1.0,chrom
group_44930,0.10833333333333334,plasmid
group_2025,0.40186915887850466,chrom
group_31028,0.9652173913043478,chrom
group_31975,0.02631578947368421,plasmid
group_35766,0.994991652754591,chrom
staE,1.0,chrom
silS~~~cusS,0.2047244094488189,chrom
group_22489,1.0,chrom
ydcF~~~elyC,1.0,chrom
group_49476,0.95,chrom
group_44172,1.0,chrom
group_43290,0.9940119760479041,chrom
group_44436,1.0,chrom
group_12790,0.7883211678832117,chrom
group_45747,1.0,chrom
group_38609,1.0,chrom
narK~~~narU,1.0,chrom
group_49171,1.0,chrom
dnaB~~~arsR,0.9951690821256038,chrom
group_36704,0.9982876712328768,chrom
group_29292,0.5454545454545454,chrom
ygfF~~~fadH,1.0,chrom
group_19707,0.6142857142857143,chrom
group_40408,1.0,chrom
copC~~~pcoC,0.32857142857142857,chrom
group_40243,1.0,chrom
yedP,1.0,chrom
group_34514,1.0,chrom
group_44908,0.9949494949494949,chrom
group_43816,1.0,chrom
group_45575,0.988,chrom
group_8126,0.0,plasmid
group_41848,0.9953051643192489,chrom
tssK~~~tssC,0.9942028985507246,chrom
group_48116,1.0,chrom
cspB,0.9937106918238994,chrom
yobA,1.0,chrom
group_8556,0.9912280701754386,chrom
group_33391,0.0,plasmid
group_13592,1.0,chrom
group_36655,1.0,chrom
group_22471,0.9844236760124611,chrom
group_37081,1.0,chrom
group_43378,1.0,chrom
group_33364,0.014492753623188406,plasmid
lptF,0.9977827050997783,chrom
group_32594,0.009615384615384616,plasmid
group_31546,1.0,chrom
group_35508,0.9908256880733946,chrom
group_1861,0.04568527918781726,plasmid
group_42331,1.0,chrom
traF~~~trbA,0.0,plasmid
atoD,1.0,chrom
hdeDGI,0.34444444444444444,chrom
group_35196,1.0,chrom
group_45955,1.0,chrom
arnD~~~pmrJ,1.0,chrom
group_44201,0.4177215189873418,chrom
group_47259,0.9941520467836257,chrom
group_28703,0.03488372093023256,plasmid
group_41498,0.9921875,chrom
group_43949,1.0,chrom
group_37957,1.0,chrom
sRAP~~~yedK,0.8916666666666667,chrom
group_35392,0.99581589958159,chrom
group_39008,1.0,chrom
group_2043,0.06111111111111111,plasmid
alsK,1.0,chrom
group_46874,1.0,chrom
group_47594,1.0,chrom
group_39005,1.0,chrom
yeaQ,0.9935275080906149,chrom
group_43011,1.0,chrom
group_18513,0.975,chrom
yajO~~~pdxI,0.9813084112149533,chrom
group_30910,0.012048192771084338,plasmid
group_43752,0.42127659574468085,chrom
group_35829,0.0,plasmid
group_36157,0.3671875,chrom
group_37353,0.9970501474926253,chrom
ydfG~~~yqjQ,1.0,chrom
group_33360,0.998468606431853,chrom
sfaS~~~fimA,0.9983660130718954,chrom
group_15120,0.17329545454545456,plasmid
hisH,1.0,chrom
group_28611,0.9891304347826086,chrom
group_48816,0.035175879396984924,plasmid
dgoD,0.9970104633781763,chrom
group_33253,1.0,chrom
group_43952,0.9985632183908046,chrom
rcnA~~~ncrC,0.9940944881889764,chrom
group_35020,0.9982394366197183,chrom
group_43143,1.0,chrom
group_38984,0.9910714285714286,chrom
group_32760,1.0,chrom
uraD,1.0,chrom
group_18896,0.0,plasmid
nodT,0.995260663507109,chrom
group_42420,1.0,chrom
group_46242,0.9221556886227545,chrom
group_48062,0.925,chrom
group_45359,0.0,plasmid
gbpA,1.0,chrom
group_8430,0.026455026455026454,plasmid
group_44921,0.3108108108108108,chrom
group_48583,0.9857142857142858,chrom
group_10145,1.0,chrom
group_41120,0.696969696969697,chrom
group_43154,1.0,chrom
group_29014,1.0,chrom
group_40270,0.9972789115646259,chrom
gntR~~~mngR~~~ubiC,0.9986013986013986,chrom
yfgF~~~csgD~~~yjcC~~~luxR~~~eAL,1.0,chrom
group_43057,1.0,chrom
group_29123,0.9939024390243902,chrom
group_29607,0.0,plasmid
group_35198,0.9957627118644068,chrom
group_45758,0.9692307692307692,chrom
group_15785,0.02631578947368421,plasmid
terZ~~~terD~~~terF,0.12,plasmid
group_13672,0.9916666666666667,chrom
group_35062,1.0,chrom
group_13886,1.0,chrom
group_48634,0.9876543209876543,chrom
atoA,1.0,chrom
group_49479,1.0,chrom
group_29282,0.991304347826087,chrom
ganB,0.9904761904761905,chrom
group_41074,0.056074766355140186,plasmid
group_39637,0.9703703703703703,chrom
group_41376,0.15625,plasmid
group_44151,1.0,chrom
group_45978,0.0,plasmid
group_14132,1.0,chrom
group_29049,0.027932960893854747,plasmid
group_48372,0.04225352112676056,plasmid
radC~~~ykfG~~~yfjY,1.0,chrom
galR,0.9714285714285714,chrom
group_47171,1.0,chrom
group_40423,0.99644128113879,chrom
group_40082,1.0,chrom
mgrB,0.6713483146067416,chrom
group_30140,0.0,plasmid
group_46473,1.0,chrom
group_36864,1.0,chrom
rplN,1.0,chrom
group_40411,1.0,chrom
yxbG~~~ydfG~~~fabG,1.0,chrom
group_42008,0.9968798751950078,chrom
group_40498,0.9920212765957447,chrom
group_35871,1.0,chrom
group_46140,0.04938271604938271,plasmid
group_24040,0.9696969696969697,chrom
group_42805,0.9946808510638298,chrom
group_13226,1.0,chrom
group_20258,0.98989898989899,chrom
group_29692,0.24285714285714285,chrom
group_43953,0.9797979797979798,chrom
group_38436,1.0,chrom
group_47072,0.4387755102040816,chrom
group_38413,1.0,chrom
hpxK,0.9900662251655629,chrom
group_38051,0.05,plasmid
group_27330,1.0,chrom
group_35026,0.9923076923076923,chrom
group_14391,0.0,plasmid
group_2440,0.0,plasmid
group_44647,0.9947916666666666,chrom
melB~~~rhiT,0.9971428571428571,chrom
group_31203,0.9538461538461539,chrom
group_48108,0.36363636363636365,chrom
group_38336,1.0,chrom
fecB,0.7971014492753623,chrom
group_45726,0.9692307692307692,chrom
group_31949,0.7894736842105263,chrom
group_12667,0.0,plasmid
alsC,1.0,chrom
group_41953,1.0,chrom
group_40676,0.996039603960396,chrom
group_41992,0.9807692307692307,chrom
group_42090,1.0,chrom
group_18287,0.9508196721311475,chrom
group_47661,0.9872611464968153,chrom
group_34599,1.0,chrom
repC,0.0,plasmid
clpB~~~tssH,1.0,chrom
group_15172,0.6025641025641025,chrom
group_46007,0.9983333333333333,chrom
group_45806,0.05639097744360902,plasmid
group_13358,0.13157894736842105,plasmid
vOC,0.9954198473282443,chrom
group_21359,0.0,plasmid
group_36645,0.9310344827586207,chrom
group_48091,1.0,chrom
group_13257,0.06097560975609756,plasmid
group_45302,1.0,chrom
group_49188,0.989247311827957,chrom
group_36423,0.9850746268656716,chrom
hybA~~~dmsB,0.9946236559139785,chrom
group_36972,1.0,chrom
group_37332,0.9949748743718593,chrom
yesN~~~araC,0.9982935153583617,chrom
group_40186,0.9910714285714286,chrom
pxpC,0.9705882352941176,chrom
group_10397,0.0,plasmid
group_39702,1.0,chrom
ygbI~~~glpR,0.9801980198019802,chrom
group_49449,1.0,chrom
group_2442,0.0,plasmid
group_44530,1.0,chrom
aidA~~~yaiT,0.9959946595460614,chrom
group_24765,0.0,plasmid
group_39598,1.0,chrom
group_35967,0.998220640569395,chrom
group_8065,0.0,plasmid
group_14822,0.9978308026030369,chrom
group_36851,0.9920634920634921,chrom
papD~~~yhcA,1.0,chrom
group_26786,0.01282051282051282,plasmid
group_37113,1.0,chrom
group_45257,0.9838709677419355,chrom
group_44534,1.0,chrom
group_40859,0.9629629629629629,chrom
group_38685,1.0,chrom
ygbJ~~~ltnD,0.009259259259259259,plasmid
group_9307,0.9626168224299065,chrom
pcoE,0.8169014084507042,chrom
dltB~~~algI,0.995260663507109,chrom
group_45776,0.9333333333333333,chrom
group_40333,0.990990990990991,chrom
group_6997,1.0,chrom
group_49467,0.9657534246575342,chrom
group_31829,0.00796812749003984,plasmid
group_42628,1.0,chrom
group_39733,0.9950124688279302,chrom
group_37020,0.9972677595628415,chrom
group_40843,1.0,chrom
group_33301,0.027932960893854747,plasmid
group_34628,0.98989898989899,chrom
group_40796,1.0,chrom
group_21309,1.0,chrom
group_22343,1.0,chrom
group_47745,0.9852941176470589,chrom
group_46317,0.9723756906077348,chrom
group_35966,0.9827586206896551,chrom
group_43361,0.8571428571428571,chrom
group_39168,1.0,chrom
group_43162,0.9859154929577465,chrom
group_41732,1.0,chrom
group_31338,0.9782608695652174,chrom
group_47275,1.0,chrom
group_43777,0.75,chrom
yihT~~~lacD,0.9985611510791367,chrom
glxA~~~ftrA~~~araC,1.0,chrom
group_34468,0.5317073170731708,chrom
group_42502,0.9960079840319361,chrom
srlA,0.9986754966887417,chrom
group_35108,0.8888888888888888,chrom
group_45746,1.0,chrom
group_31940,1.0,chrom
group_44056,0.025,plasmid
group_2067,0.8703703703703703,chrom
group_23204,0.4691358024691358,chrom
group_35439,1.0,chrom
group_37902,0.9626865671641791,chrom
alsA,1.0,chrom
group_32841,0.0,plasmid
group_44033,0.04411764705882353,plasmid
group_47551,1.0,chrom
group_47097,1.0,chrom
perC~~~marR,1.0,chrom
group_41291,1.0,chrom
group_1974,0.6716417910447762,chrom
group_1951,0.020833333333333332,plasmid
group_40295,0.9952153110047847,chrom
group_22589,0.9969512195121951,chrom
group_39985,1.0,chrom
group_39772,1.0,chrom
group_40683,1.0,chrom
group_49304,0.2289156626506024,chrom
group_44370,1.0,chrom
group_42861,0.9761904761904762,chrom
group_12026,0.9076923076923077,chrom
group_47128,0.49523809523809526,chrom
group_48151,0.17708333333333334,plasmid
group_15135,0.13812154696132597,plasmid
group_39966,0.998330550918197,chrom
group_7432,1.0,chrom
group_33996,1.0,chrom
group_46918,0.021505376344086023,plasmid
group_20668,1.0,chrom
group_28435,1.0,chrom
group_49355,0.10900473933649289,plasmid
group_46361,0.9422222222222222,chrom
group_8662,1.0,chrom
group_45034,1.0,chrom
group_13316,1.0,chrom
group_43786,0.9811320754716981,chrom
group_39836,1.0,chrom
group_40856,0.0379746835443038,plasmid
group_42029,0.9943977591036415,chrom
acrA~~~cusB~~~silB~~~czcB,1.0,chrom
group_36181,0.6213592233009708,chrom
group_30320,0.14930555555555555,plasmid
group_32156,1.0,chrom
group_34808,1.0,chrom
group_38790,1.0,chrom
group_42754,1.0,chrom
group_42259,1.0,chrom
group_46814,0.9933333333333333,chrom
group_44993,0.9765625,chrom
group_35987,0.9879518072289156,chrom
bDS1,1.0,chrom
ligW,0.974025974025974,chrom
potE~~~puuP~~~ymjE,0.9796954314720813,chrom
group_46178,0.9824561403508771,chrom
flhE,0.9916666666666667,chrom
group_45096,1.0,chrom
bglH~~~bglB,1.0,chrom
group_35023,0.9937106918238994,chrom
group_39704,0.9851485148514851,chrom
group_23788,0.0,plasmid
group_42321,1.0,chrom
group_24522,0.9893617021276596,chrom
ncs1~~~fUI1,1.0,chrom
group_29618,1.0,chrom
group_45993,1.0,chrom
fdrA~~~sucD,0.998639455782313,chrom
lysR~~~dmlR~~~cynR,0.997134670487106,chrom
group_30583,0.0,plasmid
group_40606,0.11458333333333333,plasmid
group_33973,0.9296636085626911,chrom
ydeC~~~araC,0.9983079526226735,chrom
group_41773,0.8854166666666666,chrom
group_35874,1.0,chrom
pqqE,0.9978354978354979,chrom
mrkB,0.19672131147540983,plasmid
group_3278,0.047619047619047616,plasmid
group_41346,0.9793103448275862,chrom
yjdN~~~phnB,1.0,chrom
nahR~~~lysR,0.9973190348525469,chrom
group_15962,0.059782608695652176,plasmid
group_44183,1.0,chrom
group_42806,0.9906542056074766,chrom
group_13398,0.0,plasmid
group_39668,0.9986772486772487,chrom
group_17802,0.98989898989899,chrom
hisG,1.0,chrom
group_35940,1.0,chrom
group_21959,0.31004366812227074,chrom
group_38522,1.0,chrom
paaX,1.0,chrom
group_25323,0.03208556149732621,plasmid
group_38130,1.0,chrom
group_43343,0.9925742574257426,chrom
group_45238,0.05725190839694656,plasmid
tnp~~~tra5~~~insO,0.8617021276595744,chrom
group_25020,0.9154411764705882,chrom
ydfZ,0.0,plasmid
ugpA~~~malF~~~ganP,0.9904761904761905,chrom
baeS~~~pcoS~~~cusS,0.38317757009345793,chrom
group_33152,1.0,chrom
group_38683,0.9985380116959064,chrom
group_19685,1.0,chrom
group_40250,1.0,chrom
group_20390,0.9830508474576272,chrom
group_46772,0.10952380952380952,plasmid
trhO,0.02631578947368421,plasmid
group_39341,1.0,chrom
group_48057,0.9833333333333333,chrom
group_37106,0.9964028776978417,chrom
group_45899,1.0,chrom
group_17439,0.6695652173913044,chrom
group_36473,0.0,plasmid
group_37929,1.0,chrom
pheM,1.0,chrom
group_43614,1.0,chrom
group_33478,0.9928774928774928,chrom
gpD,1.0,chrom
group_45495,0.991869918699187,chrom
group_40883,0.9642857142857143,chrom
blaOXA~~~blaOXA48,0.0,plasmid
ctsH1~~~tssD,1.0,chrom
group_37091,0.7166666666666667,chrom
group_42913,0.9034749034749034,chrom
rhaD,0.9985422740524781,chrom
group_34617,0.0,plasmid
group_29071,0.02631578947368421,plasmid
group_43227,1.0,chrom
group_21382,0.9977628635346756,chrom
mmsA~~~adhE,0.9910979228486647,chrom
ulaD,1.0,chrom
group_35980,0.22950819672131148,chrom
group_45175,1.0,chrom
group_37136,0.9972677595628415,chrom
group_36973,0.9932432432432432,chrom
group_40872,1.0,chrom
group_46499,0.9921875,chrom
group_42355,1.0,chrom
group_30548,1.0,chrom
group_49168,1.0,chrom
group_18401,0.0053475935828877,plasmid
group_47686,1.0,chrom
group_45872,0.012658227848101266,plasmid
group_23820,0.9841269841269841,chrom
group_3286,0.0,plasmid
group_30196,0.9868421052631579,chrom
group_37978,0.9855072463768116,chrom
group_38016,1.0,chrom
group_37875,1.0,chrom
group_44549,1.0,chrom
ccdA,1.0,chrom
group_36338,0.7763157894736842,chrom
group_43660,1.0,chrom
group_43209,0.819672131147541,chrom
group_18114,0.9980314960629921,chrom
cfa~~~gcd14,0.9947643979057592,chrom
yshB,0.9166666666666666,chrom
group_44916,0.9850746268656716,chrom
group_26727,1.0,chrom
group_46748,0.035175879396984924,plasmid
group_34082,0.9931972789115646,chrom
group_36932,0.0,plasmid
trhU,0.021621621621621623,plasmid
group_41734,0.13333333333333333,plasmid
group_39489,0.9978902953586498,chrom
group_43155,0.4166666666666667,chrom
group_17974,1.0,chrom
group_43283,1.0,chrom
hisA,1.0,chrom
group_39523,0.013157894736842105,plasmid
group_15818,0.9380530973451328,chrom
group_43329,0.9949748743718593,chrom
group_37368,0.9902439024390244,chrom
ylbF,1.0,chrom
purR~~~lacI,0.5434782608695652,chrom
group_47570,0.7021276595744681,chrom
alsE,1.0,chrom
group_40615,0.996551724137931,chrom
group_48450,0.9791666666666666,chrom
group_32040,0.005555555555555556,plasmid
yfjJ,0.987012987012987,chrom
group_23042,0.943342776203966,chrom
group_43672,1.0,chrom
group_47199,1.0,chrom
group_47930,0.9904761904761905,chrom
scsD,0.9957627118644068,chrom
group_30557,0.963855421686747,chrom
rfe,1.0,chrom
helD,0.959731543624161,chrom
pulO~~~pppA,0.9968602825745683,chrom
group_45724,1.0,chrom
group_11838,0.014084507042253521,plasmid
group_46581,0.5050505050505051,chrom
group_43186,1.0,chrom
group_40934,0.11442786069651742,plasmid
group_40802,1.0,chrom
group_49464,1.0,chrom
group_40352,0.9935622317596566,chrom
ompL,0.998546511627907,chrom
group_38157,0.7692307692307693,chrom
group_41438,0.9866666666666667,chrom
pulJ,1.0,chrom
xynT,0.9957446808510638,chrom
group_38136,1.0,chrom
group_36166,1.0,chrom
group_43433,0.034782608695652174,plasmid
group_34305,0.9935483870967742,chrom
mphA,0.0,plasmid
aph3Ib~~~strA,0.15254237288135594,plasmid
group_44645,0.990909090909091,chrom
ypeB,1.0,chrom
group_40891,1.0,chrom
group_48363,0.16523605150214593,plasmid
group_38483,0.9942857142857143,chrom
group_39348,0.998371335504886,chrom
fabG~~~ebgC,1.0,chrom
group_23068,0.05084745762711865,plasmid
group_39576,0.9886363636363636,chrom
group_40769,1.0,chrom
group_46853,1.0,chrom
papC~~~pmfC,1.0,chrom
group_28878,0.7341772151898734,chrom
group_45961,0.5927835051546392,chrom
group_39774,1.0,chrom
group_37105,0.99644128113879,chrom
group_48342,0.995575221238938,chrom
group_39802,1.0,chrom
group_11056,0.0,plasmid
group_48502,0.9747899159663865,chrom
group_44009,0.9961538461538462,chrom
group_40911,0.046875,plasmid
ubiE~~~bioC,1.0,chrom
scsC,1.0,chrom
group_47675,1.0,chrom
group_29988,0.7222222222222222,chrom
group_15017,0.026455026455026454,plasmid
group_43775,0.034482758620689655,plasmid
group_39273,0.9957264957264957,chrom
group_39503,1.0,chrom
group_47826,0.13612565445026178,plasmid
tssE~~~tssJ~~~vasD,0.9805825242718447,chrom
group_46530,0.9629629629629629,chrom
group_37827,1.0,chrom
group_30382,1.0,chrom
group_44835,1.0,chrom
group_41747,0.9905660377358491,chrom
group_40190,1.0,chrom
group_48739,1.0,chrom
group_38177,1.0,chrom
int~~~xerD,0.9891304347826086,chrom
group_30050,1.0,chrom
tesA,0.997275204359673,chrom
group_45531,0.0,plasmid
group_49287,0.981651376146789,chrom
group_32236,0.9980582524271845,chrom
group_25708,1.0,chrom
group_39959,0.9871794871794872,chrom
group_37721,0.9848484848484849,chrom
group_47471,1.0,chrom
tssG~~~tssF,0.9966887417218543,chrom
group_31781,1.0,chrom
group_45627,0.0,plasmid
group_3341,0.0223463687150838,plasmid
group_44915,0.9917355371900827,chrom
group_50980,0.0,plasmid
group_43980,0.991869918699187,chrom
group_37195,1.0,chrom
group_18144,0.05333333333333334,plasmid
group_43342,0.9014084507042254,chrom
group_1880,0.021739130434782608,plasmid
group_35856,1.0,chrom
group_48854,0.8866666666666667,chrom
group_27621,0.989247311827957,chrom
group_37422,1.0,chrom
group_10153,0.8625,chrom
group_46514,1.0,chrom
group_46894,0.0,plasmid
group_31183,0.027932960893854747,plasmid
group_43035,0.9777777777777777,chrom
dsbA~~~yaeT~~~dsbC,0.06217616580310881,plasmid
group_42283,0.989247311827957,chrom
valS~~~yoaJ,0.9813829787234043,chrom
group_33205,0.8082901554404145,chrom
group_44882,1.0,chrom
group_48001,1.0,chrom
group_48784,0.7126436781609196,chrom
group_34629,1.0,chrom
group_31540,1.0,chrom
group_48065,1.0,chrom
group_45642,1.0,chrom
frmR~~~nirB~~~ncrB,0.4857142857142857,chrom
group_41210,0.1875,plasmid
gspC~~~pulC,0.9985652797704447,chrom
group_40248,1.0,chrom
group_37787,0.9916666666666667,chrom
group_26563,1.0,chrom
group_42241,0.07142857142857142,plasmid
group_34776,0.875,chrom
group_13648,0.995260663507109,chrom
tnp~~~tra5~~~insE,0.6575342465753424,chrom
group_45006,0.9655172413793104,chrom
group_43071,0.9863013698630136,chrom
group_47660,1.0,chrom
group_40693,0.9929078014184397,chrom
group_27844,0.06043956043956044,plasmid
group_34367,0.9979123173277662,chrom
group_38837,1.0,chrom
group_37800,0.036231884057971016,plasmid
group_12864,0.0,plasmid
group_43662,0.03482587064676617,plasmid
zupT,0.9986320109439124,chrom
group_1929,0.05945945945945946,plasmid
group_49155,0.993103448275862,chrom
tssC~~~evpB,0.9880382775119617,chrom
group_38705,1.0,chrom
group_45519,1.0,chrom
group_39914,1.0,chrom
group_46194,0.012987012987012988,plasmid
xynR~~~iclR,1.0,chrom
group_32953,0.011764705882352941,plasmid
group_48410,1.0,chrom
wcaA~~~yibD,0.9985443959243085,chrom
group_27470,1.0,chrom
group_47984,1.0,chrom
group_48073,0.9973509933774835,chrom
fimA~~~sfaG,0.9982817869415808,chrom
group_35570,1.0,chrom
group_16186,0.0,plasmid
group_48012,0.9982142857142857,chrom
xhlA~~~ybgF,0.9710144927536232,chrom
group_33886,0.9979381443298969,chrom
group_1199,0.01694915254237288,plasmid
cusA~~~silA,0.9923954372623575,chrom
group_33616,0.0,plasmid
group_48656,1.0,chrom
group_47569,0.7441860465116279,chrom
group_40320,1.0,chrom
group_42686,0.9971509971509972,chrom
group_46283,0.03418803418803419,plasmid
group_28719,0.0,plasmid
group_37781,0.989247311827957,chrom
ykfA,0.8153846153846154,chrom
ypfH,0.9619047619047619,chrom
group_47274,0.9526315789473684,chrom
group_22246,1.0,chrom
group_17195,0.06593406593406594,plasmid
mdcB~~~citG,1.0,chrom
group_30442,1.0,chrom
group_33298,1.0,chrom
group_46040,1.0,chrom
group_20965,1.0,chrom
adrA~~~gGDEF,0.8852459016393442,chrom
group_31501,0.9982425307557118,chrom
group_42066,0.05319148936170213,plasmid
yajA,0.0,plasmid
group_47539,0.9945652173913043,chrom
group_40529,1.0,chrom
group_35572,0.9980657640232108,chrom
group_12712,0.9408450704225352,chrom
fryB,0.997093023255814,chrom
group_40451,1.0,chrom
group_40057,1.0,chrom
group_32801,0.9841269841269841,chrom
group_21985,0.062146892655367235,plasmid
group_45946,0.9936708860759493,chrom
group_8306,1.0,chrom
group_12036,0.0966183574879227,plasmid
group_20848,0.0,plasmid
group_43038,0.996742671009772,chrom
group_47857,0.6916666666666667,chrom
group_37274,1.0,chrom
wzzB,0.9985632183908046,chrom
group_34777,0.9954682779456193,chrom
aidA~~~icsA,0.9927404718693285,chrom
group_44386,1.0,chrom
iolE,1.0,chrom
group_43291,1.0,chrom
group_42760,0.9986072423398329,chrom
group_17834,1.0,chrom
group_31818,0.9857142857142858,chrom
group_42934,0.6336633663366337,chrom
group_48092,1.0,chrom
group_22793,0.029411764705882353,plasmid
group_36651,0.9841269841269841,chrom
group_39116,1.0,chrom
group_43026,1.0,chrom
group_38006,1.0,chrom
group_39651,0.9850746268656716,chrom
group_8260,1.0,chrom
araC~~~glxA,0.99822695035461,chrom
group_43475,1.0,chrom
group_40544,0.9921104536489151,chrom
group_40999,1.0,chrom
group_41670,1.0,chrom
group_30733,0.04522613065326633,plasmid
group_28621,0.5445544554455446,chrom
pleD~~~ycdT,0.9849056603773585,chrom
group_26554,0.011235955056179775,plasmid
group_45446,1.0,chrom
ompR~~~silR~~~cusR,1.0,chrom
group_36889,1.0,chrom
yidZ~~~lysR,0.9986357435197817,chrom
group_41281,0.038461538461538464,plasmid
group_40175,1.0,chrom
group_47042,1.0,chrom
ulaG,1.0,chrom
group_19403,0.011904761904761904,plasmid
group_27597,0.006289308176100629,plasmid
lysR~~~ampR,0.034782608695652174,plasmid
rfaH,0.0,plasmid
cxxC~~~yciW,0.9880952380952381,chrom
group_37083,0.9873949579831933,chrom
pxpB,0.9971631205673759,chrom
ypjF~~~ykfI~~~cbtA,0.9770114942528736,chrom
group_24005,1.0,chrom
dosC~~~gGDEF,0.9973890339425587,chrom
group_45853,0.9835390946502057,chrom
pcoA,0.795774647887324,chrom
ygjK,0.9944444444444445,chrom
group_47328,0.9777777777777777,chrom
group_12736,0.05319148936170213,plasmid
group_44135,0.993421052631579,chrom
group_35918,0.9871794871794872,chrom
group_37857,0.9933598937583001,chrom
group_40993,0.8902439024390244,chrom
group_23069,0.15759312320916904,plasmid
group_42938,1.0,chrom
group_38566,1.0,chrom
group_45825,1.0,chrom
group_48549,0.0,plasmid
group_45923,0.0,plasmid
group_41050,0.9523809523809523,chrom
group_46801,0.4827586206896552,chrom
group_1827,0.0594059405940594,plasmid
group_22486,1.0,chrom
group_6495,0.9024390243902439,chrom
rafY,1.0,chrom
yfjT~~~ykfB,0.7195121951219512,chrom
group_47144,1.0,chrom
group_48434,1.0,chrom
group_11847,1.0,chrom
group_2230,0.0,plasmid
group_35034,1.0,chrom
group_29623,1.0,chrom
group_3727,1.0,chrom
group_31792,0.971830985915493,chrom
group_39337,1.0,chrom
group_14821,1.0,chrom
group_32109,0.9897959183673469,chrom
bisC,1.0,chrom
group_46006,0.9983361064891847,chrom
group_41444,0.04245283018867924,plasmid
group_39578,0.9925373134328358,chrom
group_49408,1.0,chrom
group_40619,1.0,chrom
group_2525,1.0,chrom
group_43030,0.0,plasmid
group_33786,1.0,chrom
group_18599,0.0,plasmid
group_19195,0.027932960893854747,plasmid
group_37705,0.9952904238618524,chrom
group_44278,1.0,chrom
group_3274,0.06451612903225806,plasmid
group_45489,0.9883720930232558,chrom
group_31866,0.9830508474576272,chrom
tssC~~~tssC1~~~evpB~~~tssA1~~~vasL,0.9866071428571429,chrom
group_22429,1.0,chrom
group_44769,1.0,chrom
group_44378,1.0,chrom
group_45521,1.0,chrom
group_22587,1.0,chrom
group_1900,0.04,plasmid
group_49029,0.028169014084507043,plasmid
group_47808,1.0,chrom
yhjE,0.9832635983263598,chrom
group_48187,0.9193548387096774,chrom
qnrS2~~~qnrS1,0.00909090909090909,plasmid
group_43522,1.0,chrom
group_49586,0.6608695652173913,chrom
group_46548,0.06091370558375635,plasmid
group_35735,0.0,plasmid
group_35110,0.9958847736625515,chrom
iolG,1.0,chrom
group_39681,1.0,chrom
group_2114,0.8644986449864499,chrom
wcaA~~~yfdH~~~gtrB,0.9970414201183432,chrom
group_36446,0.8450704225352113,chrom
fdhF,1.0,chrom
group_41923,0.9452054794520548,chrom
group_64,0.0,plasmid
group_30798,1.0,chrom
group_20665,0.0,plasmid
group_20725,0.031914893617021274,plasmid
group_25822,1.0,chrom
group_17396,0.09016393442622951,plasmid
group_32212,0.7910447761194029,chrom
group_11206,0.7981651376146789,chrom
group_15220,0.9352226720647774,chrom
group_49480,0.4921875,chrom
group_47858,0.9842105263157894,chrom
kbaZ,1.0,chrom
group_49538,0.1267605633802817,plasmid
group_38989,1.0,chrom
ydiV~~~eAL,0.9960159362549801,chrom
group_11432,0.026737967914438502,plasmid
group_30435,0.9929577464788732,chrom
group_48071,1.0,chrom
group_12859,0.0,plasmid
group_44602,0.0,plasmid
fabB,1.0,chrom
group_35573,0.0,plasmid
group_44582,0.06217616580310881,plasmid
group_38770,1.0,chrom
group_33472,0.05952380952380952,plasmid
yagE~~~dapA,1.0,chrom
group_40273,0.9986772486772487,chrom
group_2269,0.03225806451612903,plasmid
group_34740,0.012345679012345678,plasmid
group_29182,0.4015151515151515,chrom
yfjR~~~deoR,0.971830985915493,chrom
group_47395,0.9959839357429718,chrom
dctP,0.8728813559322034,chrom
flgC,1.0,chrom
fimH,0.8714285714285714,chrom
group_29243,0.05747126436781609,plasmid
group_33202,1.0,chrom
group_16602,0.032432432432432434,plasmid
ybcN~~~ninB,1.0,chrom
group_35420,1.0,chrom
group_44772,0.03260869565217391,plasmid
blaNDM1,0.0,plasmid
group_6887,0.0,plasmid
group_22256,0.01282051282051282,plasmid
group_47427,1.0,chrom
group_33997,0.03278688524590164,plasmid
group_38088,1.0,chrom
group_36502,1.0,chrom
group_43282,1.0,chrom
group_39638,0.9977827050997783,chrom
group_48418,1.0,chrom
tar~~~fbp,1.0,chrom
ytcJ~~~aepA,1.0,chrom
group_40809,0.8769230769230769,chrom
yjjJ~~~hipA~~~arsR,1.0,chrom
group_40720,0.8539325842696629,chrom
group_36596,0.0,plasmid
group_49004,0.9577464788732394,chrom
group_23306,1.0,chrom
group_22914,0.125,plasmid
group_40833,0.024691358024691357,plasmid
rpsH,1.0,chrom
group_48098,0.993006993006993,chrom
group_44485,0.9979166666666667,chrom
pAAR~~~rhsB,0.9872448979591837,chrom
group_34792,0.9893617021276596,chrom
group_37692,0.957983193277311,chrom
group_36237,0.9257142857142857,chrom
eAL~~~yahA,0.9855072463768116,chrom
group_11309,0.0,plasmid
group_40767,1.0,chrom
bet~~~recT,1.0,chrom
group_43144,0.9431818181818182,chrom
group_46920,0.990909090909091,chrom
coiA,0.026041666666666668,plasmid
group_45696,1.0,chrom
group_45323,0.9880952380952381,chrom
narZ~~~narH,0.9969040247678018,chrom
group_42405,0.9844961240310077,chrom
group_48334,0.9414414414414415,chrom
group_19201,1.0,chrom
group_44500,0.59375,chrom
group_45070,1.0,chrom
group_44523,0.7526881720430108,chrom
pulM~~~outM~~~gspM,0.9984251968503937,chrom
group_14431,0.06179775280898876,plasmid
group_23348,0.0,plasmid
group_43462,1.0,chrom
group_39849,1.0,chrom
dam,0.031914893617021274,plasmid
group_9094,0.98989898989899,chrom
group_13898,0.9931972789115646,chrom
group_44166,0.12021857923497267,plasmid
group_48015,0.9928571428571429,chrom
group_40453,0.9605263157894737,chrom
group_36133,0.9931350114416476,chrom
group_47347,1.0,chrom
group_38456,1.0,chrom
group_45461,0.012658227848101266,plasmid
ecnB,0.9984825493171472,chrom
group_43602,1.0,chrom
terE,0.054901960784313725,plasmid
group_45781,0.9956616052060737,chrom
lysR~~~soxR~~~cmpR,1.0,chrom
yiaX1,0.99812734082397,chrom
hipB~~~hipA,0.06091370558375635,plasmid
group_47132,1.0,chrom
group_40969,0.9931506849315068,chrom
group_39972,0.9917920656634747,chrom
group_34083,0.9913793103448276,chrom
yciW1~~~ahpD~~~ssuD,1.0,chrom
group_18261,0.11,plasmid
group_18265,0.0,plasmid
group_41045,1.0,chrom
group_23168,0.0,plasmid
ymcB~~~gfcC,0.9971509971509972,chrom
group_47937,0.13541666666666666,plasmid
group_43435,1.0,chrom
group_47705,0.0,plasmid
group_47017,0.7903225806451613,chrom
group_42146,0.9714285714285714,chrom
group_46010,0.9948630136986302,chrom
group_47213,0.42857142857142855,chrom
group_47409,0.012345679012345678,plasmid
group_2234,0.4766355140186916,chrom
group_1893,0.05511811023622047,plasmid
group_32924,0.0,plasmid
group_29931,1.0,chrom
group_32272,1.0,chrom
pcoC~~~copC,0.7967289719626168,chrom
group_33822,0.9967532467532467,chrom
group_47417,0.03225806451612903,plasmid
group_21802,0.9882352941176471,chrom
yndB,0.9984662576687117,chrom
group_28709,1.0,chrom
gndA,0.983402489626556,chrom
group_44389,1.0,chrom
group_14199,0.026595744680851064,plasmid
group_45140,0.984251968503937,chrom
traI~~~dotC,0.0,plasmid
group_29844,0.9829059829059829,chrom
group_40795,1.0,chrom
group_34907,1.0,chrom
group_43638,0.0,plasmid
group_45161,0.34831460674157305,chrom
betT~~~betU,0.1836734693877551,plasmid
srlE,0.9986754966887417,chrom
group_45751,0.0,plasmid
group_45727,0.9883720930232558,chrom
group_37969,1.0,chrom
group_46628,0.984,chrom
blp2,0.7946428571428571,chrom
lsrC~~~lsrA,0.9972183588317107,chrom
group_26276,0.0,plasmid
group_47862,0.9744136460554371,chrom
group_49521,0.9759036144578314,chrom
flaA1,0.9886363636363636,chrom
group_22551,0.995260663507109,chrom
group_39843,1.0,chrom
aegA,0.9985734664764622,chrom
group_40837,1.0,chrom
group_2064,0.6405228758169934,chrom
group_25415,0.9027777777777778,chrom
group_24065,0.011764705882352941,plasmid
group_31581,0.625,chrom
yyaR~~~rimI,1.0,chrom
group_36852,1.0,chrom
group_38091,1.0,chrom
group_48130,1.0,chrom
group_46141,0.9954337899543378,chrom
group_17155,0.17796610169491525,plasmid
group_40864,1.0,chrom
group_46968,0.64,chrom
group_39109,0.9950124688279302,chrom
group_45826,1.0,chrom
cpxP~~~virG,0.9838056680161943,chrom
ugpA~~~ugpB,1.0,chrom
group_43749,1.0,chrom
group_28390,0.1839080459770115,plasmid
group_38057,1.0,chrom
group_42902,0.9861111111111112,chrom
cheY~~~ompR~~~phoB,1.0,chrom
group_45674,0.0,plasmid
group_23286,0.12149532710280374,plasmid
group_2607,0.20634920634920634,chrom
group_25013,0.0,plasmid
group_40664,1.0,chrom
kdgT,0.9927745664739884,chrom
group_32991,0.9970845481049563,chrom
ycjS~~~mviM~~~ycjR,0.9985549132947977,chrom
mviM~~~ycjS~~~yrbE,1.0,chrom
group_40617,1.0,chrom
group_49536,0.9270833333333334,chrom
group_32682,1.0,chrom
group_39707,0.9827586206896551,chrom
group_22657,0.013986013986013986,plasmid
group_38660,1.0,chrom
group_25769,0.013392857142857142,plasmid
group_32083,0.9985915492957746,chrom
group_48886,1.0,chrom
relE~~~higB,0.996309963099631,chrom
group_41296,0.15315315315315314,plasmid
group_34493,1.0,chrom
group_19466,1.0,chrom
group_2785,0.027472527472527472,plasmid
glnQ,1.0,chrom
ulaR,1.0,chrom
group_6649,0.9836065573770492,chrom
group_44838,0.021739130434782608,plasmid
group_1810,0.05945945945945946,plasmid
group_11540,0.026595744680851064,plasmid
group_47538,0.024509803921568627,plasmid
pqqB,0.9978354978354979,chrom
group_23181,0.1111111111111111,plasmid
group_45137,0.9915966386554622,chrom
group_30139,0.0,plasmid
group_11956,0.9830508474576272,chrom
group_41264,1.0,chrom
group_14675,0.0,plasmid
group_43166,0.9166666666666666,chrom
group_43958,1.0,chrom
group_17115,0.053763440860215055,plasmid
group_35302,0.9978308026030369,chrom
group_41068,0.16666666666666666,plasmid
group_35334,0.9841269841269841,chrom
group_34542,1.0,chrom
fimC~~~bcfB~~~papD,1.0,chrom
group_39329,1.0,chrom
group_10554,1.0,chrom
insE~~~ykgN~~~orfA~~~tnp,0.8387096774193549,chrom
group_39645,0.9982578397212544,chrom
group_48433,1.0,chrom
group_22765,0.34782608695652173,chrom
group_44875,1.0,chrom
ompT,1.0,chrom
group_40249,1.0,chrom
uraH,0.9638009049773756,chrom
ilvX,0.7272727272727273,chrom
group_13417,0.9949494949494949,chrom
group_49477,0.038834951456310676,plasmid
group_43730,1.0,chrom
virB11~~~cpaF,0.06349206349206349,plasmid
group_12092,0.017241379310344827,plasmid
group_48023,1.0,chrom
group_43546,1.0,chrom
group_22273,0.19047619047619047,plasmid
group_41982,0.061855670103092786,plasmid
group_45444,0.034013605442176874,plasmid
group_37440,0.2857142857142857,chrom
group_24372,1.0,chrom
trhN~~~traN,0.035175879396984924,plasmid
group_48435,1.0,chrom
group_37163,1.0,chrom
group_33005,0.9935897435897436,chrom
rpsN,1.0,chrom
agaE,1.0,chrom
hisM,1.0,chrom
group_30574,0.9823788546255506,chrom
pxpA~~~lamB,0.9947019867549669,chrom
group_35206,0.1717171717171717,plasmid
group_38535,0.9913793103448276,chrom
group_40499,1.0,chrom
fimD~~~papC,0.9965811965811966,chrom
group_43890,1.0,chrom
group_45032,0.0,plasmid
group_35366,1.0,chrom
ethD,0.9879518072289156,chrom
group_41257,0.18947368421052632,plasmid
ynfE~~~ynfF,0.9542857142857143,chrom
group_49512,0.13157894736842105,plasmid
group_46306,0.3472222222222222,chrom
group_40655,0.7096774193548387,chrom
vasL~~~tssA1~~~impA,0.9901960784313726,chrom
group_31404,0.9948006932409013,chrom
group_43537,0.925,chrom
group_48555,1.0,chrom
group_35778,0.9939148073022313,chrom
group_47334,1.0,chrom
yjeM,0.9940564635958395,chrom
group_45357,0.0,plasmid
group_27412,0.998587570621469,chrom
group_47238,1.0,chrom
pncA~~~yecD,1.0,chrom
group_29965,1.0,chrom
insE~~~tnp~~~orfA,0.8923076923076924,chrom
bglG,1.0,chrom
group_23041,0.05913978494623656,plasmid
group_38767,0.998003992015968,chrom
group_31971,0.9861111111111112,chrom
group_40640,0.9743589743589743,chrom
group_44105,0.015625,plasmid
group_42548,1.0,chrom
group_37833,0.7796610169491526,chrom
group_23260,0.6792452830188679,chrom
group_12737,0.06153846153846154,plasmid
group_40331,1.0,chrom
group_38225,0.9915254237288136,chrom
group_46773,0.08755760368663594,plasmid
group_21184,1.0,chrom
group_5219,1.0,chrom
group_40892,1.0,chrom
group_44532,0.9861111111111112,chrom
traO,0.06451612903225806,plasmid
group_48719,0.027777777777777776,plasmid
pmbA,0.9793388429752066,chrom
group_9976,1.0,chrom
dsbE~~~trxA~~~scsD,1.0,chrom
group_49492,0.9727272727272728,chrom
group_35194,0.9820359281437125,chrom
group_12668,0.05913978494623656,plasmid
group_40439,0.9814814814814815,chrom
group_49244,0.08661417322834646,plasmid
group_42462,0.9952380952380953,chrom
group_10490,0.0,plasmid
group_17308,0.98989898989899,chrom
group_36388,0.9956709956709957,chrom
group_35952,0.9913793103448276,chrom
group_47833,0.035398230088495575,plasmid
group_34647,0.9925373134328358,chrom
group_36163,0.9940357852882704,chrom
group_48327,0.5673076923076923,chrom
group_37228,1.0,chrom
group_46786,0.9893617021276596,chrom
group_35154,1.0,chrom
group_39011,1.0,chrom
group_31916,1.0,chrom
group_39346,1.0,chrom
cirA,1.0,chrom
group_44788,0.9452054794520548,chrom
group_42140,0.98989898989899,chrom
ant2Ia~~~estX,0.23728813559322035,chrom
yhcD~~~papC~~~fimD,1.0,chrom
group_45613,0.04597701149425287,plasmid
ebgA,1.0,chrom
group_36692,1.0,chrom
group_31629,0.024,plasmid
purR~~~lacI~~~thuR,1.0,chrom
group_45840,0.9880952380952381,chrom
gspL~~~epsL,0.9982517482517482,chrom
group_32894,0.996,chrom
group_47889,0.6376811594202898,chrom
group_40563,1.0,chrom
group_36141,0.9896049896049897,chrom
group_28081,0.02617801047120419,plasmid
group_30561,0.06315789473684211,plasmid
group_36597,0.0,plasmid
group_40654,0.9916387959866221,chrom
group_43649,1.0,chrom
group_39920,0.9985569985569985,chrom
group_21115,0.0,plasmid
group_46555,1.0,chrom
group_48747,0.993103448275862,chrom
group_39418,0.991869918699187,chrom
group_47578,0.012345679012345678,plasmid
group_15827,0.9897959183673469,chrom
group_46587,0.9933333333333333,chrom
group_44595,1.0,chrom
group_43184,1.0,chrom
group_49125,0.9495798319327731,chrom
group_40752,0.9969879518072289,chrom
group_33315,1.0,chrom
hipB~~~sinR,0.9965217391304347,chrom
trxLHR,0.3333333333333333,chrom
group_5747,0.9726027397260274,chrom
group_8324,0.03888888888888889,plasmid
group_37659,1.0,chrom
blaKPC~~~blaKPC4,0.014084507042253521,plasmid
cheA,0.9122807017543859,chrom
impD,1.0,chrom
yafY~~~yfjS,0.890625,chrom
group_26878,0.06666666666666667,plasmid
group_48341,0.0582010582010582,plasmid
group_47165,1.0,chrom
group_48220,0.9928571428571429,chrom
eAL~~~yhjH,0.9906542056074766,chrom
group_39414,0.9984984984984985,chrom
group_40657,0.03759398496240601,plasmid
agaV,1.0,chrom
yiaT~~~mipA~~~ompV,1.0,chrom
group_36831,1.0,chrom
group_37794,1.0,chrom
group_38398,0.989247311827957,chrom
group_49551,0.8660714285714286,chrom
group_46969,0.8307692307692308,chrom
group_45251,1.0,chrom
yagH,1.0,chrom
group_47864,0.9767441860465116,chrom
ykfH~~~yeeT,0.9906542056074766,chrom
phnA,1.0,chrom
group_45595,1.0,chrom
group_21547,1.0,chrom
group_47553,0.9915966386554622,chrom
group_39293,1.0,chrom
group_14520,0.7333333333333333,chrom
group_36624,0.9885057471264368,chrom
group_38307,1.0,chrom
group_45785,1.0,chrom
group_1925,0.06111111111111111,plasmid
group_38918,1.0,chrom
patB,1.0,chrom
group_35347,0.8450704225352113,chrom
dctQ,1.0,chrom
dmsC~~~ynfH,0.9945553539019963,chrom
group_42766,0.020833333333333332,plasmid
group_48102,0.971830985915493,chrom
group_41656,0.3129251700680272,chrom
mnaT~~~yjaB,0.9966101694915255,chrom
lasI,0.9923664122137404,chrom
ygaP~~~pspE,0.9965337954939342,chrom
group_33542,0.0625,plasmid
group_33204,0.06043956043956044,plasmid
group_27772,0.9850746268656716,chrom
group_28659,0.0,plasmid
arnT,1.0,chrom
group_45454,0.9943820224719101,chrom
group_30436,1.0,chrom
group_45804,0.9986263736263736,chrom
group_40632,1.0,chrom
group_37590,0.9857142857142858,chrom
group_44107,0.9873417721518988,chrom
group_34322,0.9682539682539683,chrom
group_44337,0.9946808510638298,chrom
group_46673,0.967741935483871,chrom
group_33183,0.0,plasmid
group_46467,0.9904761904761905,chrom
group_37796,0.9770114942528736,chrom
group_47110,1.0,chrom
group_30907,0.9986338797814208,chrom
yhfF,1.0,chrom
group_28900,1.0,chrom
group_34604,1.0,chrom
group_45935,1.0,chrom
group_43746,1.0,chrom
group_34754,0.9538461538461539,chrom
hisJ~~~glnH,0.9982847341337907,chrom
group_37903,0.9789473684210527,chrom
group_38448,0.9921259842519685,chrom
group_37532,0.0,plasmid
group_42084,1.0,chrom
group_45760,0.9814814814814815,chrom
group_40051,1.0,chrom
group_47809,0.12755102040816327,plasmid
group_35339,0.978021978021978,chrom
group_46350,0.918918918918919,chrom
group_37053,0.9978401727861771,chrom
group_23349,0.0,plasmid
group_21363,1.0,chrom
group_29045,0.05847953216374269,plasmid
group_44450,0.9848484848484849,chrom
araC~~~soxS~~~yeaM,0.9969742813918305,chrom
group_38415,1.0,chrom
cobT2,0.0,plasmid
group_49470,0.27450980392156865,chrom
yfiL,0.9984591679506933,chrom
group_36974,0.9900990099009901,chrom
group_18231,0.5375,chrom
agaW,1.0,chrom
group_35752,0.9850746268656716,chrom
group_15397,0.026455026455026454,plasmid
group_44778,1.0,chrom
group_37119,0.9984152139461173,chrom
group_42126,0.984375,chrom
trhV,0.035175879396984924,plasmid
group_46384,0.9978540772532188,chrom
hisIE,0.9925093632958801,chrom
group_21249,0.0,plasmid
sitB,0.9981515711645101,chrom
arnC,1.0,chrom
group_30237,1.0,chrom
group_44391,1.0,chrom
group_39708,0.9113924050632911,chrom
group_43112,0.010869565217391304,plasmid
group_17401,0.6282051282051282,chrom
group_46362,0.0273972602739726,plasmid
group_43450,1.0,chrom
group_40412,1.0,chrom
tisB,0.9861111111111112,chrom
fliM,0.98989898989899,chrom
group_36518,1.0,chrom
group_32628,1.0,chrom
gatB,1.0,chrom
ychF~~~engD,0.9938650306748467,chrom
group_47214,1.0,chrom
group_46500,0.060109289617486336,plasmid
merD,0.05945945945945946,plasmid
group_6273,0.09202453987730061,plasmid
group_42864,1.0,chrom
group_48207,0.9885057471264368,chrom
group_41555,0.9883720930232558,chrom
group_40885,1.0,chrom
group_33721,1.0,chrom
group_34218,0.9879518072289156,chrom
insE~~~tnp~~~ykgN~~~tnpP,0.9345794392523364,chrom
group_40944,0.9830508474576272,chrom
group_32865,1.0,chrom
group_45459,0.012658227848101266,plasmid
group_38222,0.9984101748807631,chrom
group_29110,0.9795918367346939,chrom
group_42720,0.9733333333333334,chrom
group_46284,0.9978586723768736,chrom
group_30627,0.0,plasmid
yfdX1,0.3924050632911392,chrom
group_1814,0.05913978494623656,plasmid
group_12776,0.9228070175438596,chrom
group_27855,0.8208955223880597,chrom
group_34249,0.8275862068965517,chrom
group_40572,0.9985029940119761,chrom
yghX,1.0,chrom
group_30717,0.00909090909090909,plasmid
group_39796,1.0,chrom
group_47600,0.47692307692307695,chrom
group_48458,0.9885057471264368,chrom
group_45643,0.9770114942528736,chrom
ampC,1.0,chrom
group_41883,0.1780821917808219,plasmid
group_48610,0.9285714285714286,chrom
group_44968,0.9444444444444444,chrom
terB,0.054901960784313725,plasmid
group_41794,0.9883720930232558,chrom
group_12906,0.12,plasmid
group_6904,1.0,chrom
group_40460,0.9893617021276596,chrom
group_47115,0.3,chrom
group_46085,1.0,chrom
group_48676,0.9831932773109243,chrom
yhjY,1.0,chrom
cusS~~~pcoS,0.18226600985221675,plasmid
group_46421,0.9811320754716981,chrom
caiD~~~echA8,0.9986595174262735,chrom
group_38519,1.0,chrom
acrA~~~hlyD~~~mdtA,1.0,chrom
group_15243,0.16216216216216217,plasmid
pAAR~~~rhsC~~~rhsB,0.90625,chrom
group_36726,0.9797297297297297,chrom
group_46645,0.2839506172839506,chrom
group_46560,0.04938271604938271,plasmid
group_13557,0.05405405405405406,plasmid
group_49458,0.875,chrom
group_35904,0.9911504424778761,chrom
group_21977,0.16541353383458646,plasmid
group_16110,0.0650887573964497,plasmid
group_20878,0.9946524064171123,chrom
group_41878,0.4322033898305085,chrom
group_39171,0.9960629921259843,chrom
group_38940,0.031055900621118012,plasmid
group_40494,1.0,chrom
dmsB~~~hybA~~~dmsC,1.0,chrom
group_23901,1.0,chrom
yiaG~~~nadS,0.9908256880733946,chrom
group_34630,0.0,plasmid
group_21966,0.06043956043956044,plasmid
group_13444,0.933920704845815,chrom
group_34175,1.0,chrom
gnd~~~gndA,0.9963235294117647,chrom
group_44008,1.0,chrom
frwB,1.0,chrom
group_46275,0.42857142857142855,chrom
group_29050,0.028409090909090908,plasmid
group_32328,1.0,chrom
group_35580,0.06779661016949153,plasmid
group_45071,0.9986702127659575,chrom
group_17961,0.9130434782608695,chrom
group_15131,0.9325842696629213,chrom
group_45169,1.0,chrom
crfC,0.9461279461279462,chrom
group_22633,0.9916317991631799,chrom
group_39869,1.0,chrom
group_17966,0.6711864406779661,chrom
group_34799,1.0,chrom
group_48016,0.7910447761194029,chrom
group_30242,0.0,plasmid
group_36959,0.7868852459016393,chrom
group_44055,1.0,chrom
group_40719,1.0,chrom
hlx~~~ydbJ,0.9357249626307922,chrom
gtrB~~~wcaA,0.9861111111111112,chrom
group_22725,0.013157894736842105,plasmid
group_1822,0.05945945945945946,plasmid
group_37999,1.0,chrom
group_34880,0.9322033898305084,chrom
group_35970,0.9259259259259259,chrom
group_44064,0.03076923076923077,plasmid
group_48774,0.03773584905660377,plasmid
group_40888,0.9508196721311475,chrom
puuR,1.0,chrom
group_21132,0.42016806722689076,chrom
group_34993,0.031055900621118012,plasmid
yagA,0.01282051282051282,plasmid
group_44662,0.9921875,chrom
group_42026,0.9986684420772304,chrom
znuB~~~mntB,0.998639455782313,chrom
group_22166,0.9899497487437185,chrom
group_44051,1.0,chrom
group_15418,0.9826086956521739,chrom
group_41871,0.0,plasmid
group_33530,0.9963898916967509,chrom
group_48249,0.04060913705583756,plasmid
group_47143,1.0,chrom
group_45864,1.0,chrom
group_42837,0.9985507246376811,chrom
group_43401,0.29577464788732394,chrom
group_29302,0.9329896907216495,chrom
gntR,1.0,chrom
group_43079,0.012658227848101266,plasmid
group_16059,0.05102040816326531,plasmid
group_38743,0.9956521739130435,chrom
group_30771,0.07894736842105263,plasmid
group_46854,0.9411764705882353,chrom
group_31867,0.9914529914529915,chrom
group_29843,0.9753086419753086,chrom
wcaA~~~epsH~~~yibD,0.9984251968503937,chrom
group_46014,0.0,plasmid
group_43020,1.0,chrom
group_11753,0.0,plasmid
ble,0.0,plasmid
group_22000,0.043478260869565216,plasmid
group_37864,0.9818181818181818,chrom
hsdM~~~remS,0.0,plasmid
group_47586,1.0,chrom
group_36634,0.9948006932409013,chrom
nanR,0.9965870307167235,chrom
group_44464,1.0,chrom
group_44037,1.0,chrom
hybA1,0.9983633387888707,chrom
group_15878,0.21481481481481482,chrom
group_12727,0.0,plasmid
group_49184,0.9897959183673469,chrom
menH~~~fabG,0.9984101748807631,chrom
rsbW,1.0,chrom
group_45184,1.0,chrom
group_33273,0.9969135802469136,chrom
ggt~~~ywrD,1.0,chrom
group_34377,0.01282051282051282,plasmid
group_33245,0.9978354978354979,chrom
group_44583,1.0,chrom
group_40878,1.0,chrom
group_33219,0.08064516129032258,plasmid
group_27869,0.0027397260273972603,plasmid
group_40533,0.998109640831758,chrom
group_38358,0.9985443959243085,chrom
group_38667,0.9358974358974359,chrom
group_32630,0.9956709956709957,chrom
group_48968,0.9884057971014493,chrom
group_39967,0.2578125,chrom
group_51595,0.0,plasmid
group_38534,0.9911504424778761,chrom
group_44099,1.0,chrom
group_35152,0.9733333333333334,chrom
group_47753,0.9898477157360406,chrom
group_43933,0.9966442953020134,chrom
pabB,0.9897959183673469,chrom
group_8796,0.0,plasmid
group_29187,0.9629629629629629,chrom
group_18127,0.059782608695652176,plasmid
group_35545,0.9929078014184397,chrom
group_10698,0.0,plasmid
group_16340,1.0,chrom
group_45095,1.0,chrom
group_33218,0.1116751269035533,plasmid
group_18115,0.9980392156862745,chrom
group_47621,0.9895833333333334,chrom
group_46296,0.9519230769230769,chrom
group_49491,0.785234899328859,chrom
group_40784,1.0,chrom
trhF,0.026595744680851064,plasmid
group_38611,0.9435483870967742,chrom
rhsB~~~pAAR~~~rhsC,0.9968,chrom
group_49208,0.9436619718309859,chrom
ddpA~~~gsiB,0.9775280898876404,chrom
group_42811,1.0,chrom
group_33017,1.0,chrom
group_45986,1.0,chrom
group_42014,0.7407407407407407,chrom
group_40008,0.9985815602836879,chrom
mK0520,0.0,plasmid
panS~~~yfeH,1.0,chrom
glgB~~~tnp,0.7464788732394366,chrom
group_15198,0.0,plasmid
group_30667,0.9945054945054945,chrom
group_38509,0.9939577039274925,chrom
group_31962,0.06077348066298342,plasmid
group_22717,0.1388888888888889,plasmid
group_36775,1.0,chrom
group_34146,0.0,plasmid
group_38462,0.9914893617021276,chrom
group_34652,1.0,chrom
group_41075,0.12121212121212122,plasmid
group_48142,1.0,chrom
group_16889,0.014084507042253521,plasmid
group_40706,1.0,chrom
group_38266,0.62,chrom
group_39148,0.8928571428571429,chrom
group_47361,1.0,chrom
group_44544,1.0,chrom
group_27730,0.0,plasmid
group_30080,0.9931856899488927,chrom
estX,0.06162464985994398,plasmid
group_43228,1.0,chrom
group_33377,1.0,chrom
terC,0.054901960784313725,plasmid
group_45795,0.9242424242424242,chrom
group_19356,0.8352941176470589,chrom
group_42289,0.0,plasmid
group_39998,1.0,chrom
ugpA,0.9982142857142857,chrom
group_46503,1.0,chrom
group_39818,1.0,chrom
group_33292,0.9985915492957746,chrom
group_31500,0.9965095986038395,chrom
group_45052,0.9953488372093023,chrom
group_40036,0.9918831168831169,chrom
group_35762,1.0,chrom
group_35081,0.9883720930232558,chrom
group_33601,0.9222222222222223,chrom
group_27198,0.9912280701754386,chrom
rplP,1.0,chrom
group_46877,1.0,chrom
group_45971,0.18316831683168316,plasmid
iscR~~~ywnA,0.9985096870342772,chrom
group_48093,0.96875,chrom
group_12913,0.9466666666666667,chrom
group_44910,1.0,chrom
group_42212,1.0,chrom
group_32692,0.7450980392156863,chrom
group_29842,0.013605442176870748,plasmid
group_29364,0.060109289617486336,plasmid
group_47340,0.0392156862745098,plasmid
group_27957,0.0,plasmid
group_40564,0.9920318725099602,chrom
group_42972,1.0,chrom
group_44907,0.1323529411764706,plasmid
group_47827,0.06626506024096386,plasmid
group_47795,0.019801980198019802,plasmid
group_43666,1.0,chrom
group_37693,0.0,plasmid
group_43446,0.9984101748807631,chrom
group_45536,0.95625,chrom
group_34944,0.967391304347826,chrom
group_39644,0.9953703703703703,chrom
group_41981,0.9428571428571428,chrom
group_32081,0.9696969696969697,chrom
group_49529,1.0,chrom
group_45044,1.0,chrom
group_43928,0.9945652173913043,chrom
group_48079,1.0,chrom
bglF,1.0,chrom
group_35671,1.0,chrom
group_32309,0.9619047619047619,chrom
rhaR,0.9985422740524781,chrom
group_46832,1.0,chrom
group_43072,0.031746031746031744,plasmid
group_33423,0.9897435897435898,chrom
group_20739,0.0,plasmid
group_19243,0.9696969696969697,chrom
group_45762,0.989247311827957,chrom
rsp,0.03482587064676617,plasmid
sfmD~~~lpfC~~~sthC~~~fimD,0.9938080495356038,chrom
group_46263,0.026415094339622643,plasmid
group_17191,0.014084507042253521,plasmid
group_22726,0.0,plasmid
group_48792,1.0,chrom
group_45750,0.0,plasmid
selA,0.7631578947368421,chrom
group_38820,0.9833333333333333,chrom
group_35083,1.0,chrom
group_35675,1.0,chrom
group_12045,1.0,chrom
ydfF~~~arsR,0.9973118279569892,chrom
group_12718,0.22105263157894736,chrom
tnp~~~insH21,0.1906779661016949,plasmid
group_12731,0.06829268292682927,plasmid
group_39132,1.0,chrom
group_38515,0.9925925925925926,chrom
group_51965,0.0,plasmid
pAS~~~ycdT,1.0,chrom
group_40127,1.0,chrom
group_33567,1.0,chrom
group_47776,1.0,chrom
group_20919,0.9806451612903225,chrom
group_47181,1.0,chrom
group_27831,1.0,chrom
group_10873,0.0990990990990991,plasmid
araJ~~~yebQ,0.9973368841544608,chrom
group_41037,0.0,plasmid
group_45544,0.989010989010989,chrom
group_45631,1.0,chrom
group_34402,0.9714285714285714,chrom
group_32179,0.38961038961038963,chrom
group_35022,1.0,chrom
group_34955,1.0,chrom
group_45819,0.0,plasmid
group_32460,0.03482587064676617,plasmid
azuC,1.0,chrom
group_23233,0.038461538461538464,plasmid
group_38246,1.0,chrom
group_48617,0.9861111111111112,chrom
group_35690,0.7938144329896907,chrom
group_49472,0.9971428571428571,chrom
group_35953,0.855072463768116,chrom
group_49246,0.015151515151515152,plasmid
group_37104,0.989247311827957,chrom
tnp~~~insF,0.573170731707317,chrom
group_41743,0.12087912087912088,plasmid
group_44139,0.996031746031746,chrom
group_40882,0.9929577464788732,chrom
group_30552,0.9965034965034965,chrom
group_40639,0.9875,chrom
baeS,0.9984152139461173,chrom
group_34773,0.9712643678160919,chrom
group_30228,0.9968553459119497,chrom
ybdN~~~ibrA,0.9986033519553073,chrom
group_46182,0.9901960784313726,chrom
group_42706,0.08045977011494253,plasmid
group_38888,1.0,chrom
group_45698,1.0,chrom
group_34470,1.0,chrom
group_47173,0.9985528219971056,chrom
group_28983,0.0,plasmid
group_15743,0.0,plasmid
group_27272,1.0,chrom
group_47618,0.9521276595744681,chrom
group_42054,1.0,chrom
group_35549,0.9185185185185185,chrom
tnpA~~~spoIVCA~~~tnpR,0.19672131147540983,plasmid
iaaA,0.9985815602836879,chrom
sitD,0.994475138121547,chrom
group_43434,0.7569060773480663,chrom
dmsB~~~ynfG,1.0,chrom
group_22254,0.9727891156462585,chrom
group_39844,0.9950124688279302,chrom
group_45506,0.9943181818181818,chrom
group_37109,0.9605263157894737,chrom
yihS,0.9985611510791367,chrom
group_37839,1.0,chrom
group_46816,0.9137931034482759,chrom
group_48037,0.9370629370629371,chrom
group_44527,0.9856115107913669,chrom
group_42114,1.0,chrom
group_47998,0.0,plasmid
group_12275,0.9401709401709402,chrom
ygaY,1.0,chrom
group_28775,1.0,chrom
group_23812,1.0,chrom
group_23479,0.08620689655172414,plasmid
group_5442,1.0,chrom
lysR~~~yiaU,1.0,chrom
ccdA~~~narK,1.0,chrom
yoaJ,0.9980988593155894,chrom
group_45780,0.9789473684210527,chrom
yhjQ~~~bcsQ,0.9984639016897081,chrom
proP,0.9957924263674615,chrom
group_46626,1.0,chrom
group_36838,0.9970674486803519,chrom
group_41633,0.9461538461538461,chrom
group_12723,0.05945945945945946,plasmid
group_46738,0.024539877300613498,plasmid
group_39239,0.9947643979057592,chrom
group_47006,0.9876543209876543,chrom
group_49273,0.9891304347826086,chrom
group_18904,0.8411214953271028,chrom
group_27047,0.0,plasmid
gltL~~~yhdZ,0.9967845659163987,chrom
scsC~~~dsbC~~~dsbA,0.044642857142857144,plasmid
araC~~~ybfI~~~rhaS,1.0,chrom
group_18168,0.14054054054054055,plasmid
group_35951,0.9915254237288136,chrom
group_46287,0.9193548387096774,chrom
acrB~~~ttgB,0.9960159362549801,chrom
group_44604,1.0,chrom
group_44714,1.0,chrom
group_36812,1.0,chrom
cusS~~~silS~~~kdpD,0.8942598187311178,chrom
rpsQ,1.0,chrom
group_39314,0.9984894259818731,chrom
ompV~~~mipA,1.0,chrom
group_48145,1.0,chrom
group_48734,0.9838709677419355,chrom
group_32583,1.0,chrom
group_43907,0.9339622641509434,chrom
group_48257,0.9166666666666666,chrom
group_30023,1.0,chrom
group_33255,0.994661921708185,chrom
sunT~~~lktB,0.9985163204747775,chrom
group_48226,0.98989898989899,chrom
iroD,0.995260663507109,chrom
group_40652,1.0,chrom
group_28463,0.990909090909091,chrom
oqxB~~~acrB,1.0,chrom
group_34391,0.06349206349206349,plasmid
group_23234,0.0546875,plasmid
ilvB,0.9984076433121019,chrom
group_43744,0.9838709677419355,chrom
group_35349,0.989247311827957,chrom
yqfB,1.0,chrom
group_37310,1.0,chrom
group_40609,1.0,chrom
group_42523,0.691358024691358,chrom
group_17586,0.16901408450704225,plasmid
group_37553,1.0,chrom
group_40435,0.9965986394557823,chrom
citB~~~luxR,1.0,chrom
ucpA,0.9923664122137404,chrom
group_45538,1.0,chrom
yihU,0.9985590778097982,chrom
lysR~~~gltC~~~tdfR,1.0,chrom
group_11113,0.9897959183673469,chrom
group_41572,1.0,chrom
group_28884,0.00881057268722467,plasmid
group_48387,0.035175879396984924,plasmid
group_47472,1.0,chrom
group_14509,0.0,plasmid
group_44496,0.9764705882352941,chrom
scsB~~~dsbD,0.9977924944812362,chrom
group_1872,0.1111111111111111,plasmid
group_47571,0.8073394495412844,chrom
cbtA~~~ykfI~~~ypjF~~~yeeU,1.0,chrom
group_16916,0.003472222222222222,plasmid
group_47415,0.03409090909090909,plasmid
trhC~~~virB4,0.03482587064676617,plasmid
group_42110,0.9894179894179894,chrom
group_15793,0.6714285714285714,chrom
group_45775,0.9960159362549801,chrom
group_49457,0.9581151832460733,chrom
group_31544,1.0,chrom
group_28316,0.9978448275862069,chrom
blaTEM~~~blaTEM1,0.04411764705882353,plasmid
group_18160,0.0,plasmid
group_40542,0.9985974754558204,chrom
group_29763,0.7288135593220338,chrom
group_48319,0.9882352941176471,chrom
hycC,0.966824644549763,chrom
group_39815,1.0,chrom
group_47278,1.0,chrom
group_38366,1.0,chrom
group_46049,1.0,chrom
group_15028,0.9981549815498155,chrom
group_37667,0.9968847352024922,chrom
group_50101,1.0,chrom
marR~~~slyA,1.0,chrom
group_44476,0.9932885906040269,chrom
group_1953,0.02564102564102564,plasmid
group_31959,0.05670103092783505,plasmid
group_48611,0.9787234042553191,chrom
hcp~~~tssD,0.995049504950495,chrom
phnN,0.9966777408637874,chrom
group_29082,0.6285714285714286,chrom
mdaB,0.9661016949152542,chrom
group_40701,0.9982014388489209,chrom
group_42855,0.9955849889624724,chrom
group_48129,1.0,chrom
group_39948,1.0,chrom
group_39587,1.0,chrom
group_47391,0.9933333333333333,chrom
group_39114,0.9985294117647059,chrom
group_31994,0.0,plasmid
group_28021,0.9555555555555556,chrom
group_42604,1.0,chrom
group_23139,0.026041666666666668,plasmid
lhr,0.963855421686747,chrom
group_47416,0.037037037037037035,plasmid
group_26739,1.0,chrom
group_43312,0.7692307692307693,chrom
group_32142,0.9985795454545454,chrom
group_29193,0.035897435897435895,plasmid
group_29246,0.03076923076923077,plasmid
group_43215,0.9980119284294234,chrom
group_23324,0.7857142857142857,chrom
group_38819,0.983739837398374,chrom
group_42832,0.9943820224719101,chrom
group_46999,1.0,chrom
group_48710,1.0,chrom
group_45556,0.981651376146789,chrom
yuxH,1.0,chrom
group_40667,1.0,chrom
group_9608,1.0,chrom
group_48788,0.013888888888888888,plasmid
group_45635,0.9899497487437185,chrom
group_43049,0.9852941176470589,chrom
group_46274,0.9380530973451328,chrom
group_47420,0.0,plasmid
sciT,1.0,chrom
group_32330,1.0,chrom
group_47706,1.0,chrom
group_37050,1.0,chrom
group_38632,1.0,chrom
group_33413,0.995575221238938,chrom
group_40552,0.9959677419354839,chrom
group_30443,0.9166666666666666,chrom
group_25896,0.0,plasmid
group_44621,0.06111111111111111,plasmid
group_29262,0.9193548387096774,chrom
group_35089,0.9710144927536232,chrom
rbsK~~~pfkB,1.0,chrom
group_40765,1.0,chrom
flhB,0.9905660377358491,chrom
group_48474,0.9805194805194806,chrom
group_28353,0.10344827586206896,plasmid
group_44041,1.0,chrom
group_11095,1.0,chrom
group_40237,1.0,chrom
group_36958,0.9830508474576272,chrom
group_37774,0.9880952380952381,chrom
group_45440,0.04716981132075472,plasmid
group_44516,1.0,chrom
group_34038,0.984375,chrom
group_34208,1.0,chrom
group_15277,0.2714285714285714,chrom
group_42797,1.0,chrom
group_15374,0.026595744680851064,plasmid
group_48265,0.9878048780487805,chrom
group_40735,0.9957805907172996,chrom
group_45180,0.9703703703703703,chrom
group_34928,0.0,plasmid
group_37793,1.0,chrom
fimD~~~elfC~~~papC,1.0,chrom
group_45309,1.0,chrom
group_12318,0.8638743455497382,chrom
catA~~~catA1,0.9985590778097982,chrom
group_44029,1.0,chrom
group_23176,0.02531645569620253,plasmid
group_39660,1.0,chrom
lysR~~~cynR,0.9955947136563876,chrom
group_43508,1.0,chrom
group_7725,0.030927835051546393,plasmid
fimD~~~tcfC,0.998015873015873,chrom
group_40119,0.9692307692307692,chrom
group_45800,1.0,chrom
group_42395,0.024691358024691357,plasmid
group_31030,0.759493670886076,chrom
norB,0.9979035639412998,chrom
group_40167,0.9972527472527473,chrom
group_48398,0.9946236559139785,chrom
group_43054,0.9956709956709957,chrom
group_46257,0.984375,chrom
group_39822,1.0,chrom
group_40702,0.998046875,chrom
group_44502,0.65,chrom
group_41090,1.0,chrom
group_45021,0.9694656488549618,chrom
group_49038,0.0196078431372549,plasmid
group_46048,1.0,chrom
group_45655,1.0,chrom
yfjX~~~ardB~~~yafX,0.9915966386554622,chrom
group_40531,1.0,chrom
hflB~~~ftsH,0.08196721311475409,plasmid
group_14304,0.06206896551724138,plasmid
hpxD~~~ndmA~~~hcaE,1.0,chrom
group_39177,0.9444444444444444,chrom
fimA~~~sfaS~~~fimG,0.9983277591973244,chrom
alsB,1.0,chrom
group_47196,0.9984472049689441,chrom
fimD~~~lpfC,0.9920948616600791,chrom
group_9642,0.26253687315634217,chrom
group_22053,1.0,chrom
group_47701,1.0,chrom
group_30444,0.7755905511811023,chrom
group_44350,0.9827586206896551,chrom
group_45707,0.029411764705882353,plasmid
group_43314,1.0,chrom
group_45958,0.9921259842519685,chrom
group_23779,0.4787234042553192,chrom
group_31919,1.0,chrom
chrR,1.0,chrom
group_5762,0.026455026455026454,plasmid
gloB,0.9424778761061947,chrom
group_40284,1.0,chrom
group_40977,0.225,chrom
group_34532,0.9722222222222222,chrom
group_38738,0.9983498349834984,chrom
group_40903,0.9886363636363636,chrom
group_48606,0.9911504424778761,chrom
traI~~~traK~~~mobF,0.0379746835443038,plasmid
group_25659,0.9516129032258065,chrom
group_38417,1.0,chrom
group_49157,0.993006993006993,chrom
group_1614,0.08771929824561403,plasmid
ivbL,0.9607843137254902,chrom
ykgO,0.994661921708185,chrom
mdaB~~~ycaK,1.0,chrom
group_10783,0.925,chrom
gcvT,1.0,chrom
group_35619,1.0,chrom
panS,1.0,chrom
group_37658,0.9977628635346756,chrom
crfC~~~yjdA,0.9860279441117764,chrom
group_36324,0.9985915492957746,chrom
yfeJ,1.0,chrom
group_41864,0.07894736842105263,plasmid
araC~~~yesN~~~yijO,1.0,chrom
group_42225,0.9868421052631579,chrom
group_48472,0.99,chrom
group_33682,0.023622047244094488,plasmid
yegT~~~ycjR~~~nupG,0.9985549132947977,chrom
group_41850,0.9944444444444445,chrom
group_26275,0.0,plasmid
group_43848,1.0,chrom
group_45291,1.0,chrom
parB~~~ibrB~~~ybdM~~~spo0J,0.9944979367262724,chrom
group_39577,0.9980119284294234,chrom
group_23786,0.0,plasmid
group_42116,1.0,chrom
group_41485,0.981651376146789,chrom
group_42722,1.0,chrom
group_39508,1.0,chrom
group_36202,0.0,plasmid
group_34077,0.9893617021276596,chrom
group_23487,0.05309734513274336,plasmid
group_36114,0.7542857142857143,chrom
group_47854,0.6956521739130435,chrom
group_38022,1.0,chrom
group_35367,0.9696969696969697,chrom
dgoK,0.9895366218236173,chrom
group_47193,1.0,chrom
dedD,0.9978448275862069,chrom
group_36127,1.0,chrom
group_41952,0.9905660377358491,chrom
rtcR,1.0,chrom
group_45963,0.9867109634551495,chrom
group_3273,0.03626943005181347,plasmid
group_38023,1.0,chrom
group_44395,1.0,chrom
group_13763,0.15151515151515152,plasmid
group_35027,1.0,chrom
group_38856,0.0,plasmid
group_45259,0.04878048780487805,plasmid
bcsA~~~pilZ,0.9074074074074074,chrom
group_14794,0.9166666666666666,chrom
fimD~~~yagX,1.0,chrom
group_18248,0.043478260869565216,plasmid
yceO,0.99812382739212,chrom
group_45913,1.0,chrom
group_43724,1.0,chrom
group_45535,0.975609756097561,chrom
group_46830,0.9827586206896551,chrom
group_48274,1.0,chrom
group_42292,1.0,chrom
group_35636,0.9886363636363636,chrom
group_41749,0.012658227848101266,plasmid
garK,0.9980952380952381,chrom
tetC~~~tetR,1.0,chrom
group_29448,0.9811320754716981,chrom
group_41956,0.06470588235294118,plasmid
group_40831,1.0,chrom
vagC~~~vapB,0.03389830508474576,plasmid
group_36506,0.99,chrom
ynfN,0.7675438596491229,chrom
group_37200,0.4307692307692308,chrom
group_35091,0.9781659388646288,chrom
group_43251,1.0,chrom
chiA,0.9985994397759104,chrom
group_49497,0.12345679012345678,plasmid
group_37635,0.9873417721518988,chrom
group_38563,0.9900990099009901,chrom
group_41660,1.0,chrom
group_35280,1.0,chrom
group_15963,0.05,plasmid
group_44010,0.9940828402366864,chrom
group_47225,1.0,chrom
ybjH,1.0,chrom
group_37196,1.0,chrom
group_42951,1.0,chrom
tssG~~~impH,1.0,chrom
group_26887,1.0,chrom
yafD,0.9964912280701754,chrom
group_42568,1.0,chrom
group_9233,0.21311475409836064,chrom
tssA~~~impA,0.9826086956521739,chrom
group_48500,0.9924242424242424,chrom
group_40309,0.8068965517241379,chrom
group_41934,0.0,plasmid
group_42626,0.9827586206896551,chrom
group_41826,1.0,chrom
group_46973,0.5389830508474577,chrom
hcp~~~impD,0.9950248756218906,chrom
phnA~~~yjdM,0.9950166112956811,chrom
group_41300,0.9666666666666667,chrom
group_42958,0.7830188679245284,chrom
group_47273,0.9764705882352941,chrom
group_43927,0.9938650306748467,chrom
group_40680,0.9659090909090909,chrom
iolB,1.0,chrom
group_38382,0.0,plasmid
group_47326,0.9888888888888889,chrom
group_43473,1.0,chrom
fimI~~~fimA,0.997907949790795,chrom
group_29240,0.06666666666666667,plasmid
group_18749,0.0,plasmid
group_45999,1.0,chrom
group_24812,1.0,chrom
group_45605,0.057692307692307696,plasmid
group_44002,0.9966329966329966,chrom
group_49463,0.9411764705882353,chrom
group_42736,1.0,chrom
group_46841,0.9315068493150684,chrom
group_39367,1.0,chrom
dpiA,1.0,chrom
group_39768,1.0,chrom
group_42388,1.0,chrom
group_24979,0.9895833333333334,chrom
group_13972,0.058823529411764705,plasmid
group_29336,1.0,chrom
group_15105,0.058823529411764705,plasmid
repB~~~repA,0.03553299492385787,plasmid
group_32493,1.0,chrom
group_48935,0.9683544303797469,chrom
group_35309,1.0,chrom
group_38992,0.9102564102564102,chrom
group_47198,1.0,chrom
crp~~~yaiV,0.9984591679506933,chrom
lys2b,1.0,chrom
group_49156,0.993006993006993,chrom
group_31124,1.0,chrom
group_48897,1.0,chrom
group_11741,1.0,chrom
group_34602,1.0,chrom
group_41520,0.009523809523809525,plasmid
group_40611,1.0,chrom
group_49541,0.9965277777777778,chrom
rimL~~~ynaD,1.0,chrom
group_46575,0.1111111111111111,plasmid
hemP,0.9939024390243902,chrom
gspE~~~gspF,0.99055330634278,chrom
group_31944,1.0,chrom
rskA,1.0,chrom
group_36966,1.0,chrom
group_38173,0.9978768577494692,chrom
group_27358,1.0,chrom
group_31590,0.0,plasmid
hmoA~~~aCTx2,1.0,chrom
group_37722,0.031055900621118012,plasmid
group_28209,0.9838274932614556,chrom
group_18035,0.9963636363636363,chrom
tcfC~~~fimD,1.0,chrom
group_42297,0.0,plasmid
mngA~~~hrsA,0.9985935302390999,chrom
group_42086,1.0,chrom
group_35312,1.0,chrom
group_30169,1.0,chrom
tehA,0.995475113122172,chrom
group_39913,1.0,chrom
tuaH,1.0,chrom
group_33431,0.05813953488372093,plasmid
group_29859,1.0,chrom
group_36536,1.0,chrom
group_42030,0.5970149253731343,chrom
group_41813,0.9830508474576272,chrom
group_23395,1.0,chrom
group_48180,1.0,chrom
group_33392,0.0,plasmid
group_40141,0.961038961038961,chrom
group_37973,0.9946808510638298,chrom
group_48118,0.9904761904761905,chrom
group_45614,0.041666666666666664,plasmid
ydeP~~~hxlR,0.9957894736842106,chrom
group_45242,0.9985611510791367,chrom
group_16632,0.02564102564102564,plasmid
group_42663,0.5223367697594502,chrom
group_48575,0.9859154929577465,chrom
frwC,1.0,chrom
group_29445,0.9956896551724138,chrom
group_37338,1.0,chrom
group_35956,1.0,chrom
group_48335,1.0,chrom
group_34484,1.0,chrom
group_21949,0.2914798206278027,chrom
group_48225,0.9930555555555556,chrom
acrB~~~czcA,0.9829787234042553,chrom
group_35653,1.0,chrom
group_3266,0.18604651162790697,plasmid
group_14137,1.0,chrom
group_39291,1.0,chrom
group_41259,0.01282051282051282,plasmid
group_47682,0.9962121212121212,chrom
group_37088,0.028368794326241134,plasmid
group_38155,0.9722222222222222,chrom
group_46694,0.9921875,chrom
group_45480,0.9705882352941176,chrom
group_14845,0.055865921787709494,plasmid
group_39686,1.0,chrom
group_43589,0.9973045822102425,chrom
aadA2~~~aadA15~~~aadA8~~~aadA~~~aadA21~~~aadA1~~~aadA22,0.14285714285714285,plasmid
pptA,1.0,chrom
group_38579,1.0,chrom
fepB~~~yfiY,1.0,chrom
group_37981,0.9956331877729258,chrom
group_10368,0.35294117647058826,chrom
group_8936,0.05699481865284974,plasmid
group_43544,0.9921875,chrom
group_40100,1.0,chrom
group_32101,0.24,chrom
group_2226,0.06944444444444445,plasmid
group_38169,1.0,chrom
mobC~~~mbeC,0.0,plasmid
group_18154,0.06043956043956044,plasmid
blaCTXM14~~~blaCTXM~~~blaCTXM55,0.23300970873786409,chrom
fixJ,1.0,chrom
group_44623,0.725,chrom
group_40219,1.0,chrom
frmR~~~rcnR,0.9960707269155207,chrom
group_39023,1.0,chrom
group_39616,1.0,chrom
group_44665,1.0,chrom
group_42761,0.6956521739130435,chrom
group_48186,0.7792207792207793,chrom
group_21898,0.0,plasmid
group_40819,1.0,chrom
group_31967,0.0,plasmid
group_37679,0.9978448275862069,chrom
group_14623,0.9142857142857143,chrom
group_38412,1.0,chrom
ybdO~~~lysR,0.9236641221374046,chrom
group_30211,1.0,chrom
yhjH~~~yjcZ,0.9949238578680203,chrom
group_47410,1.0,chrom
alpA~~~apl,1.0,chrom
group_49086,0.027777777777777776,plasmid
group_44529,1.0,chrom
group_38151,0.7864077669902912,chrom
group_48125,1.0,chrom
fucA,0.9950124688279302,chrom
group_46008,1.0,chrom
dsbA~~~dsbC,0.05063291139240506,plasmid
group_47581,0.9671532846715328,chrom
group_45488,1.0,chrom
group_40905,1.0,chrom
group_23159,0.17857142857142858,plasmid
group_36198,0.06358381502890173,plasmid
group_48542,1.0,chrom
ompR~~~cheY,1.0,chrom
menE~~~entF,0.995260663507109,chrom
group_42081,0.9911504424778761,chrom
group_39917,0.9802631578947368,chrom
group_46428,0.0,plasmid
group_43345,0.9133858267716536,chrom
group_33260,0.9878048780487805,chrom
group_44723,0.993103448275862,chrom
group_39771,1.0,chrom
ybbK,0.9810126582278481,chrom
misL,1.0,chrom
phoX,0.9968798751950078,chrom
group_40982,0.9661016949152542,chrom
group_2202,0.06936416184971098,plasmid
group_49356,0.7008928571428571,chrom
moxR,0.026737967914438502,plasmid
group_34388,0.9984126984126984,chrom
group_10055,0.6440677966101694,chrom
group_38826,1.0,chrom
group_49372,0.7475728155339806,chrom
ridA~~~yjgH,1.0,chrom
group_46674,0.9402985074626866,chrom
group_36767,1.0,chrom
group_16040,0.010526315789473684,plasmid
group_12808,0.03488372093023256,plasmid
group_40565,1.0,chrom
group_37152,0.9950124688279302,chrom
bglB~~~gmuD,0.9982608695652174,chrom
tolC~~~eefC,0.996742671009772,chrom
kbaY,0.9983552631578947,chrom
group_36197,1.0,chrom
exoIX,0.0,plasmid
acrA~~~macA,1.0,chrom
group_31044,0.005847953216374269,plasmid
group_39646,1.0,chrom
group_46016,1.0,chrom
lysR~~~araC,1.0,chrom
mbeC~~~mobC~~~mbeB,0.009615384615384616,plasmid
group_13232,1.0,chrom
group_15170,0.8986013986013986,chrom
group_25446,0.9971509971509972,chrom
group_30953,0.9891540130151844,chrom
group_28691,0.6296296296296297,chrom
group_25381,1.0,chrom
recE~~~recT,0.9694656488549618,chrom
group_49212,0.0,plasmid
hpxU,1.0,chrom
sUL1~~~sulP,0.9827586206896551,chrom
group_39455,0.7401574803149606,chrom
group_27843,0.18181818181818182,plasmid
group_44935,0.984375,chrom
yajR,0.9955555555555555,chrom
group_37070,0.9979508196721312,chrom
group_46313,1.0,chrom
group_49008,0.9333333333333333,chrom
group_48179,0.9661016949152542,chrom
aadB~~~ant2Ia,0.027777777777777776,plasmid
group_49496,0.9831932773109243,chrom
group_46561,0.013333333333333334,plasmid
group_43102,1.0,chrom
pqqA,0.9978354978354979,chrom
hisF,0.9514563106796117,chrom
holC,1.0,chrom
group_42824,0.07142857142857142,plasmid
group_23046,0.0794979079497908,plasmid
group_37970,1.0,chrom
group_45160,0.736,chrom
group_41167,0.4375,chrom
dfrA19,0.05555555555555555,plasmid
group_31051,1.0,chrom
group_11134,0.0,plasmid
group_38393,0.9859154929577465,chrom
group_18278,0.0,plasmid
group_40215,1.0,chrom
group_39440,1.0,chrom
degQ~~~tonB,0.3445378151260504,chrom
group_37716,0.997920997920998,chrom
group_31783,1.0,chrom
group_28958,0.007352941176470588,plasmid
group_33365,0.9971509971509972,chrom
group_41796,0.9925925925925926,chrom
group_39881,0.9977924944812362,chrom
group_41069,0.021739130434782608,plasmid
group_39294,1.0,chrom
group_45434,0.990909090909091,chrom
fecR,0.5974025974025974,chrom
group_47192,0.1346153846153846,plasmid
group_31984,0.006493506493506494,plasmid
group_40252,0.997093023255814,chrom
group_46573,0.9693877551020408,chrom
group_48605,0.0,plasmid
group_18108,1.0,chrom
group_37491,1.0,chrom
group_2992,0.04,plasmid
group_35428,1.0,chrom
yddG~~~eamA,1.0,chrom
nanA,1.0,chrom
group_24361,0.7727272727272727,chrom
mdcC,1.0,chrom
ompH,1.0,chrom
group_37401,1.0,chrom
group_40861,1.0,chrom
group_40573,1.0,chrom
group_47890,1.0,chrom
group_41002,1.0,chrom
group_49442,1.0,chrom
cusR~~~silR~~~ompR,0.4007936507936508,chrom
yciI,1.0,chrom
group_31658,0.014492753623188406,plasmid
vapC~~~pilT,0.9904761904761905,chrom
ompD~~~nmpC,0.9,chrom
group_39238,0.9984101748807631,chrom
group_40736,0.9982876712328768,chrom
cpsG,1.0,chrom
group_43303,0.9916666666666667,chrom
group_40532,1.0,chrom
group_33135,1.0,chrom
group_38859,0.9899244332493703,chrom
group_29265,1.0,chrom
group_44251,0.9979508196721312,chrom
group_38662,1.0,chrom
group_37425,0.9578947368421052,chrom
group_39628,1.0,chrom
group_33452,0.9968454258675079,chrom
group_48568,0.9857142857142858,chrom
group_15222,0.02702702702702703,plasmid
rpoA,1.0,chrom
group_37522,1.0,chrom
group_29599,0.9971988795518207,chrom
glpR~~~agaR~~~deoR,0.9983525535420099,chrom
group_34101,1.0,chrom
hpxZ,1.0,chrom
fes,0.8904109589041096,chrom
tssA~~~vasJ,0.9966101694915255,chrom
group_47217,1.0,chrom
group_18052,1.0,chrom
group_48877,0.9863013698630136,chrom
group_48361,1.0,chrom
group_21951,0.7903614457831325,chrom
group_37457,0.9655172413793104,chrom
group_30670,1.0,chrom
group_25399,0.9876543209876543,chrom
group_44430,1.0,chrom
group_42111,1.0,chrom
group_39572,0.8631578947368421,chrom
group_38943,1.0,chrom
group_22601,1.0,chrom
group_34791,0.956989247311828,chrom
group_41125,0.37155963302752293,chrom
tnp~~~insE~~~orfA,0.7733333333333333,chrom
group_8083,0.0,plasmid
group_20733,0.0,plasmid
group_41164,0.9890710382513661,chrom
group_49566,0.0,plasmid
parE~~~parD,0.061855670103092786,plasmid
klcA~~~yfjX,0.9894736842105263,chrom
hpxX,1.0,chrom
group_46328,0.03125,plasmid
ulaC,1.0,chrom
tnp~~~insE~~~tnpP,0.6572769953051644,chrom
htdT~~~dsbC,0.026737967914438502,plasmid
wzzfepE~~~fepE,0.9958847736625515,chrom
group_48495,1.0,chrom
luxR~~~citB,0.9854014598540146,chrom
group_26120,1.0,chrom
group_40458,0.9979550102249489,chrom
group_44398,1.0,chrom
group_45502,0.03164556962025317,plasmid
clpB~~~tssH~~~clpV~~~tssB,0.9780821917808219,chrom
sul2,0.112,plasmid
group_38337,1.0,chrom
group_40841,1.0,chrom
group_39855,0.9917355371900827,chrom
mdcG,0.9984802431610942,chrom
group_41467,0.9976190476190476,chrom
group_36235,0.8,chrom
group_49518,0.971830985915493,chrom
group_31547,0.6794582392776524,chrom
group_19901,0.015228426395939087,plasmid
group_48640,0.9682539682539683,chrom
group_18459,0.027472527472527472,plasmid
group_39108,1.0,chrom
group_36573,0.6514285714285715,chrom
group_41297,0.036585365853658534,plasmid
group_36367,0.989010989010989,chrom
group_45423,0.9971098265895953,chrom
group_11591,0.01282051282051282,plasmid
yobA~~~copC,1.0,chrom
group_35826,1.0,chrom
group_35326,0.9135802469135802,chrom
group_6458,1.0,chrom
tnp~~~insH,0.336,chrom
araJ~~~nanT,0.9931972789115646,chrom
group_31406,0.9726027397260274,chrom
group_42515,0.061855670103092786,plasmid
ydfG,1.0,chrom
group_47446,1.0,chrom
group_45794,0.9925925925925926,chrom
group_5956,0.9672131147540983,chrom
group_22722,0.0,plasmid
group_44446,0.03260869565217391,plasmid
group_45403,0.9852216748768473,chrom
group_43552,0.9875,chrom
group_14156,0.9939024390243902,chrom
group_37986,0.9746835443037974,chrom
group_47086,0.06349206349206349,plasmid
group_40873,1.0,chrom
puuD,1.0,chrom
tetR~~~acrR,1.0,chrom
group_31232,1.0,chrom
fixJ~~~luxR,1.0,chrom
group_33428,0.23148148148148148,chrom
group_19172,0.0055248618784530384,plasmid
group_42425,1.0,chrom
group_49061,1.0,chrom
eAL~~~cdgR~~~ydiV,0.9983974358974359,chrom
group_46308,0.5238095238095238,chrom
group_39888,0.9978354978354979,chrom
acrA~~~silB~~~cusB,0.7755610972568578,chrom
group_2444,0.0,plasmid
group_34615,0.9104477611940298,chrom
group_47816,0.12371134020618557,plasmid
group_40786,0.963855421686747,chrom
group_44874,0.9873417721518988,chrom
group_5434,1.0,chrom
group_48032,0.9859154929577465,chrom
group_2588,0.5538461538461539,chrom
waaE,1.0,chrom
group_13383,0.0582010582010582,plasmid
group_43258,0.23076923076923078,chrom
group_34292,1.0,chrom
group_26392,0.0,plasmid
group_34856,1.0,chrom
group_35336,1.0,chrom
group_19822,0.0,plasmid
group_2612,0.2,plasmid
group_37826,1.0,chrom
group_47824,0.9824561403508771,chrom
dgoR,0.9940209267563528,chrom
group_48699,0.0,plasmid
group_33409,1.0,chrom
group_45136,1.0,chrom
group_41778,0.8737864077669902,chrom
group_34670,1.0,chrom
group_18155,0.05945945945945946,plasmid
group_39516,1.0,chrom
group_38488,1.0,chrom
group_39947,0.0136986301369863,plasmid
group_46406,0.9908256880733946,chrom
pgaA~~~hmsH,0.9986772486772487,chrom
group_43902,0.9954337899543378,chrom
group_21175,0.037037037037037035,plasmid
group_39363,0.9950124688279302,chrom
group_40446,1.0,chrom
group_45102,0.98989898989899,chrom
group_43348,0.6503496503496503,chrom
group_33432,0.17120622568093385,plasmid
group_31907,0.9813084112149533,chrom
nirD~~~ncrY,0.5,chrom
group_43521,1.0,chrom
traW~~~traU,0.0,plasmid
group_38223,0.9982608695652174,chrom
group_36186,1.0,chrom
group_2217,0.05405405405405406,plasmid
tctD,1.0,chrom
yjiR~~~gntR~~~gabR,1.0,chrom
iroB,0.995260663507109,chrom
group_36897,0.024390243902439025,plasmid
group_49046,0.993006993006993,chrom
group_48776,0.8297872340425532,chrom
group_40727,1.0,chrom
group_12791,0.7971014492753623,chrom
aac6Ib~~~aac6Ib,0.0641025641025641,plasmid
group_15190,0.058823529411764705,plasmid
group_44956,0.9862068965517241,chrom
group_39712,1.0,chrom
group_32544,1.0,chrom
group_40721,0.9555555555555556,chrom
group_45769,1.0,chrom
group_48170,0.7294117647058823,chrom
group_3909,1.0,chrom
group_49047,0.9606299212598425,chrom
group_26418,0.9893617021276596,chrom
group_16042,0.08208955223880597,plasmid
group_47242,0.9961977186311787,chrom
group_32739,0.037037037037037035,plasmid
group_44209,0.9917355371900827,chrom
group_35088,0.9871794871794872,chrom
qnrE~~~qnrS~~~qnrE3~~~qnrB~~~qnrB2~~~qnrB1,0.3577981651376147,chrom
group_38907,0.9986225895316805,chrom
group_41526,0.9911504424778761,chrom
group_17094,1.0,chrom
group_37464,1.0,chrom
pflD,1.0,chrom
group_45411,1.0,chrom
group_3465,0.0,plasmid
wcaA~~~gtrB,0.988950276243094,chrom
group_37792,1.0,chrom
group_30087,1.0,chrom
group_12462,1.0,chrom
group_44572,1.0,chrom
group_48499,0.9347826086956522,chrom
group_44321,0.0,plasmid
group_49466,0.9900990099009901,chrom
yciY,0.9650924024640657,chrom
group_32617,1.0,chrom
group_18189,0.012195121951219513,plasmid
group_44696,0.0136986301369863,plasmid
group_36142,1.0,chrom
group_18256,0.04597701149425287,plasmid
group_37116,0.9915254237288136,chrom
group_887,0.0,plasmid
group_43898,0.5666666666666667,chrom
group_8183,0.9692307692307692,chrom
group_1435,0.9915254237288136,chrom
group_48128,0.9620253164556962,chrom
group_35687,1.0,chrom
group_49033,0.993006993006993,chrom
group_35900,1.0,chrom
group_36617,0.9891304347826086,chrom
group_8583,0.1759465478841871,plasmid
group_37339,1.0,chrom
group_44163,0.8842105263157894,chrom
group_41745,0.06132075471698113,plasmid
group_37137,1.0,chrom
group_22435,0.026595744680851064,plasmid
group_29834,0.027932960893854747,plasmid
group_29665,1.0,chrom
group_17924,0.9559322033898305,chrom
intE,1.0,chrom
group_41755,1.0,chrom
sgaU~~~ulaE,1.0,chrom
hmuU~~~feuC~~~fepD,1.0,chrom
group_33207,0.5645161290322581,chrom
group_47958,1.0,chrom
group_35255,1.0,chrom
ybjS~~~wcaG,1.0,chrom
group_44034,0.9924242424242424,chrom
ulaG~~~araC,0.9985401459854014,chrom
group_47327,0.9913793103448276,chrom
group_35425,1.0,chrom
group_43997,0.9982847341337907,chrom
group_39529,1.0,chrom
fliR,0.98989898989899,chrom
group_48878,0.03535353535353535,plasmid
group_8645,0.98989898989899,chrom
ftsN,0.9842767295597484,chrom
group_42317,0.0625,plasmid
group_34427,1.0,chrom
group_18580,1.0,chrom
group_32348,1.0,chrom
group_45149,1.0,chrom
group_9725,0.03,plasmid
group_38911,0.9973509933774835,chrom
fhaB,0.9541284403669725,chrom
group_47874,1.0,chrom
group_18136,0.054455445544554455,plasmid
ydcS,1.0,chrom
group_49557,0.1588785046728972,plasmid
group_29116,1.0,chrom
group_34339,0.9836065573770492,chrom
group_37858,1.0,chrom
group_35509,1.0,chrom
group_42185,1.0,chrom
group_8141,0.9365079365079365,chrom
group_41136,0.05084745762711865,plasmid
hemK,0.0273224043715847,plasmid
rplX,0.7967599410898379,chrom
mdcD,1.0,chrom
group_34958,0.989010989010989,chrom
group_43837,1.0,chrom
group_40675,0.9986033519553073,chrom
group_44452,0.9864864864864865,chrom
group_33937,1.0,chrom
sfaG~~~fimA,0.9984591679506933,chrom
group_37093,1.0,chrom
ybgD,1.0,chrom
group_43194,0.0,plasmid
group_12083,0.06111111111111111,plasmid
group_42438,0.47,chrom
group_33586,0.9985422740524781,chrom
group_41832,0.06,plasmid
group_28492,1.0,chrom
group_47362,1.0,chrom
group_9455,0.6777777777777778,chrom
group_18166,0.08333333333333333,plasmid
group_39280,0.7903225806451613,chrom
group_44136,0.9775280898876404,chrom
group_48428,0.9879518072289156,chrom
group_48223,0.9938650306748467,chrom
group_44972,1.0,chrom
kefBGI,0.15748031496062992,plasmid
group_31970,0.06498194945848375,plasmid
group_8208,0.058823529411764705,plasmid
ompC~~~phoE,0.9986168741355463,chrom
group_46337,0.7456445993031359,chrom
group_32418,1.0,chrom
ulaB,1.0,chrom
group_45571,0.9960238568588469,chrom
group_33440,0.975609756097561,chrom
group_36206,1.0,chrom
group_44119,0.9943820224719101,chrom
group_21190,0.02631578947368421,plasmid
group_40393,0.996031746031746,chrom
group_43396,0.958904109589041,chrom
group_43880,1.0,chrom
group_43847,0.9891304347826086,chrom
group_3282,0.03389830508474576,plasmid
group_38133,0.9937238493723849,chrom
group_28398,0.009708737864077669,plasmid
group_45828,0.9880952380952381,chrom
zntR,1.0,chrom
pqqC,0.9978354978354979,chrom
group_23155,0.3888888888888889,chrom
group_2629,0.7796610169491526,chrom
group_48080,0.8840579710144928,chrom
group_37311,0.9436619718309859,chrom
spo0J~~~psiB~~~parB,0.018018018018018018,plasmid
group_43517,1.0,chrom
group_44412,0.9897959183673469,chrom
melY~~~lacY,1.0,chrom
emrA~~~hlyD,0.9960629921259843,chrom
yubL~~~ydeA,0.0,plasmid
group_37664,1.0,chrom
group_39754,0.9813084112149533,chrom
group_48561,0.9651162790697675,chrom
group_1844,0.13297872340425532,plasmid
mipA~~~ompV,0.9985528219971056,chrom
group_38828,0.9968051118210862,chrom
group_31999,0.0,plasmid
group_8888,0.9571428571428572,chrom
creD,1.0,chrom
group_41565,0.9971428571428571,chrom
acrB~~~cmeB~~~mexB,0.9967479674796748,chrom
group_35056,0.9985835694050992,chrom
pepB,0.9985855728429985,chrom
group_47967,1.0,chrom
group_31398,0.9723756906077348,chrom
group_48406,1.0,chrom
group_36748,0.6290322580645161,chrom
group_40862,0.9982817869415808,chrom
group_40714,1.0,chrom
group_39522,0.9939759036144579,chrom
group_48416,0.9852941176470589,chrom
group_37144,0.033112582781456956,plasmid
group_38245,1.0,chrom
group_15008,0.98989898989899,chrom
group_14496,0.028169014084507043,plasmid
group_36469,1.0,chrom
lysR~~~nahR~~~leuO,1.0,chrom
tetRA~~~tetR,0.14736842105263157,plasmid
luxR~~~fixJ,0.9846153846153847,chrom
group_39716,0.9705882352941176,chrom
group_48405,0.9897435897435898,chrom
group_48650,0.9782608695652174,chrom
hpxW~~~hpxX~~~ggt,1.0,chrom
group_36951,1.0,chrom
ydcR~~~aRO8,1.0,chrom
group_47543,1.0,chrom
yicS,0.9972936400541272,chrom
group_35823,1.0,chrom
dppB~~~ddpB,0.9981447124304267,chrom
group_34915,1.0,chrom
xerD~~~intI1,0.07575757575757576,plasmid
group_39905,0.9967845659163987,chrom
nudI,0.99581589958159,chrom
group_39976,0.99836867862969,chrom
group_22873,0.9696969696969697,chrom
group_40597,0.033783783783783786,plasmid
group_40665,0.9872611464968153,chrom
group_48876,0.5283018867924528,chrom
appF,1.0,chrom
group_44868,0.9943820224719101,chrom
group_20599,1.0,chrom
group_30871,0.004629629629629629,plasmid
group_24116,0.026041666666666668,plasmid
group_2247,0.17886178861788618,plasmid
group_41066,0.6984126984126984,chrom
creB,1.0,chrom
ydhJ~~~emrA~~~hlyD,1.0,chrom
pilN~~~hofN,1.0,chrom
group_43191,1.0,chrom
group_32465,1.0,chrom
yhjH~~~yjcZ~~~rdcB,0.9861351819757366,chrom
group_9724,1.0,chrom
yhjB~~~citB,0.9985815602836879,chrom
creC,1.0,chrom
group_37514,0.0,plasmid
group_40497,0.987012987012987,chrom
group_35253,1.0,chrom
group_6809,0.98989898989899,chrom
group_6175,0.9866920152091255,chrom
group_46128,0.9977426636568849,chrom
group_37643,0.9885222381635581,chrom
group_15503,0.6979405034324943,chrom
group_40666,0.9973333333333333,chrom
group_45803,0.997275204359673,chrom
group_48484,0.989247311827957,chrom
group_38340,1.0,chrom
lexA~~~umuD,0.032,plasmid
tra5~~~tnp~~~insE,0.6,chrom
group_48863,0.0,plasmid
group_32623,1.0,chrom
araJ~~~mdtL,0.9946018893387314,chrom
group_45028,1.0,chrom
group_46523,1.0,chrom
group_29649,0.9777777777777777,chrom
group_45574,1.0,chrom
group_36904,1.0,chrom
group_43234,1.0,chrom
group_45628,0.0,plasmid
group_50905,1.0,chrom
fepD~~~yfmD,0.99836867862969,chrom
group_37868,1.0,chrom
group_31951,0.9980276134122288,chrom
group_35558,1.0,chrom
group_36449,0.9985443959243085,chrom
group_40811,1.0,chrom
group_42724,1.0,chrom
group_42117,0.3333333333333333,chrom
sdaC~~~dlsT~~~yhaO~~~tdcC,0.9985935302390999,chrom
pqqU~~~yncD,1.0,chrom
group_34531,0.0,plasmid
group_48618,0.9791666666666666,chrom
group_48683,0.0,plasmid
group_48292,0.9954128440366973,chrom
group_30056,0.00641025641025641,plasmid
group_39185,0.9876543209876543,chrom
group_47959,1.0,chrom
dgoT~~~uhpC,0.9970104633781763,chrom
group_18148,0.03821656050955414,plasmid
group_39379,0.991869918699187,chrom
group_48055,0.9411764705882353,chrom
group_48019,0.9863013698630136,chrom
fhaC~~~cdiB,1.0,chrom
group_40660,1.0,chrom
group_43931,0.9754098360655737,chrom
group_29264,0.46774193548387094,chrom
group_38768,0.9950124688279302,chrom
group_40296,1.0,chrom
group_43109,0.975609756097561,chrom
group_39084,0.9848484848484849,chrom
tnp~~~insE~~~ykgN~~~orfA,0.8115942028985508,chrom
group_39718,1.0,chrom
group_45181,0.9880952380952381,chrom
sitA,0.9981515711645101,chrom
group_29465,1.0,chrom
group_35327,0.9932065217391305,chrom
group_3102,0.24770642201834864,chrom
group_46270,0.96875,chrom
group_38042,1.0,chrom
group_49569,0.016129032258064516,plasmid
group_43550,0.7685185185185185,chrom
group_40688,1.0,chrom
group_40052,1.0,chrom
group_17919,0.9942112879884226,chrom
group_22272,0.9611111111111111,chrom
group_38191,0.0,plasmid
group_45788,0.0,plasmid
group_44869,1.0,chrom
group_23325,0.0,plasmid
group_38877,1.0,chrom
tolC~~~cusC,1.0,chrom
group_45892,1.0,chrom
dsbD,0.9933774834437086,chrom
group_43427,1.0,chrom
group_15845,0.02631578947368421,plasmid
group_39706,0.2702702702702703,chrom
bcfA,1.0,chrom
group_33451,0.9846153846153847,chrom
ydaE,1.0,chrom
group_40350,1.0,chrom
wcaG~~~yhfK,0.9383259911894273,chrom
group_40554,0.9550561797752809,chrom
group_41979,0.75,chrom
yqjQ~~~fabG~~~yvaG,0.9927007299270073,chrom
icmF~~~vasK,1.0,chrom
group_16633,0.01098901098901099,plasmid
group_43363,0.5915492957746479,chrom
group_13541,0.0782122905027933,plasmid
group_33634,1.0,chrom
traI~~~mobF,0.03389830508474576,plasmid
parR,0.02702702702702703,plasmid
group_41335,0.10365853658536585,plasmid
group_35343,1.0,chrom
group_29140,0.05555555555555555,plasmid
group_34551,1.0,chrom
group_37544,0.9827586206896551,chrom
group_32144,1.0,chrom
silA~~~cusA,0.7422680412371134,chrom
group_10628,1.0,chrom
fepC~~~yusV,1.0,chrom
group_36654,1.0,chrom
group_46707,1.0,chrom
group_42823,0.06395348837209303,plasmid
group_40224,0.9918032786885246,chrom
group_45549,1.0,chrom
group_40338,1.0,chrom
group_45638,1.0,chrom
group_36170,0.11267605633802817,plasmid
group_32828,1.0,chrom
mdmC~~~trmR,1.0,chrom
group_47729,0.05,plasmid
group_38972,0.20930232558139536,chrom
group_38212,0.9985443959243085,chrom
group_48773,1.0,chrom
group_33429,0.32653061224489793,chrom
emrA~~~hlyD~~~cusB,0.9985358711566618,chrom
group_33411,0.8934010152284264,chrom
group_41996,0.045871559633027525,plasmid
group_15499,0.011235955056179775,plasmid
group_37168,0.8716216216216216,chrom
group_39247,1.0,chrom
hepA~~~alpA,1.0,chrom
group_21982,0.05263157894736842,plasmid
group_41172,0.9772727272727273,chrom
opgC,1.0,chrom
group_40589,1.0,chrom
group_44050,0.9959404600811907,chrom
ygjJ,1.0,chrom
group_37343,0.9871794871794872,chrom
group_14587,0.015625,plasmid
group_40449,0.9966887417218543,chrom
group_36445,1.0,chrom
group_49398,0.9850746268656716,chrom
group_40255,0.9946140035906643,chrom
trhW~~~trbC,0.035175879396984924,plasmid
agaF,1.0,chrom
group_28116,0.0055248618784530384,plasmid
group_35029,1.0,chrom
group_37115,0.9905660377358491,chrom
group_47970,1.0,chrom
group_37058,1.0,chrom
group_33287,1.0,chrom
dmsB~~~hybA~~~ynfG,0.9986449864498645,chrom
group_8379,0.9905660377358491,chrom
group_44638,1.0,chrom
glnQ~~~tcyC,0.9982817869415808,chrom
group_47422,0.6116071428571429,chrom
group_6698,0.029411764705882353,plasmid
group_48013,1.0,chrom
group_37055,0.041666666666666664,plasmid
cas1f,1.0,chrom
group_48300,1.0,chrom
group_45570,1.0,chrom
group_39887,1.0,chrom
group_48738,1.0,chrom
group_22316,0.9956896551724138,chrom
gcvA~~~lysR,1.0,chrom
group_30176,0.036036036036036036,plasmid
group_36129,0.0,plasmid
group_44825,0.06077348066298342,plasmid
group_39691,0.9761904761904762,chrom
group_29388,0.4157303370786517,chrom
group_43673,1.0,chrom
group_42315,0.9827586206896551,chrom
glpR~~~deoR,0.9943262411347518,chrom
group_34973,0.9937888198757764,chrom
group_48425,1.0,chrom
group_47413,1.0,chrom
group_46940,0.061224489795918366,plasmid
group_41052,0.9782608695652174,chrom
group_41046,0.1875,plasmid
group_44612,1.0,chrom
group_43790,1.0,chrom
group_43511,1.0,chrom
group_12721,0.13580246913580246,plasmid
group_47971,1.0,chrom
group_35134,0.9937888198757764,chrom
group_40710,0.9961240310077519,chrom
group_34500,0.9981481481481481,chrom
group_8179,0.9557522123893806,chrom
group_26249,0.011627906976744186,plasmid
group_18236,0.43333333333333335,chrom
group_17873,0.991304347826087,chrom
group_42836,0.2857142857142857,chrom
group_48042,0.9938271604938271,chrom
group_40174,1.0,chrom
tnp~~~insE~~~ykgN,0.42249240121580545,chrom
group_44540,0.7448979591836735,chrom
group_44057,0.9934924078091106,chrom
group_34492,0.9947368421052631,chrom
group_44740,1.0,chrom
yebG,0.9986754966887417,chrom
group_32383,1.0,chrom
group_40713,1.0,chrom
group_47430,1.0,chrom
group_46343,0.9788135593220338,chrom
group_47605,1.0,chrom
group_34632,1.0,chrom
group_41579,1.0,chrom
group_34474,1.0,chrom
group_22665,0.9971509971509972,chrom
tctB,1.0,chrom
group_37085,1.0,chrom
tnp~~~orfB~~~insE,0.7602339181286549,chrom
group_38921,1.0,chrom
group_2143,0.5245901639344263,chrom
pemK~~~mazF,0.0,plasmid
group_16929,0.16666666666666666,plasmid
group_23713,0.0,plasmid
group_35562,1.0,chrom
group_39184,1.0,chrom
group_14095,1.0,chrom
group_34372,0.9978354978354979,chrom
group_44061,0.5652173913043478,chrom
group_15959,0.05555555555555555,plasmid
group_37126,0.9655172413793104,chrom
group_42623,0.9980582524271845,chrom
group_36713,1.0,chrom
group_40528,0.0625,plasmid
group_20575,1.0,chrom
group_39782,0.9789473684210527,chrom
group_13514,1.0,chrom
group_13384,0.031746031746031744,plasmid
group_6473,0.98989898989899,chrom
group_39673,0.989247311827957,chrom
group_42100,1.0,chrom
arfA,1.0,chrom
group_45927,1.0,chrom
group_33094,0.9982817869415808,chrom
group_40325,1.0,chrom
mdcE,1.0,chrom
group_46346,0.4444444444444444,chrom
group_34940,1.0,chrom
group_13644,1.0,chrom
group_31964,0.0,plasmid
cusC~~~silC~~~tolC,0.3162393162393162,chrom
group_41171,1.0,chrom
group_31846,0.9552238805970149,chrom
group_34985,0.9863013698630136,chrom
group_47189,1.0,chrom
group_18264,0.0,plasmid
group_36522,0.9985422740524781,chrom
group_37838,0.9041095890410958,chrom
group_35604,1.0,chrom
group_13328,1.0,chrom
group_46246,0.88,chrom
group_42257,0.9724770642201835,chrom
group_29691,0.9705882352941176,chrom
group_46888,1.0,chrom
group_39287,0.9803921568627451,chrom
group_40455,1.0,chrom
group_47484,0.9957983193277311,chrom
group_13975,0.0,plasmid
group_15109,0.014492753623188406,plasmid
group_38203,0.996078431372549,chrom
group_41207,0.9508196721311475,chrom
group_45221,1.0,chrom
group_45094,1.0,chrom
group_43375,0.36607142857142855,chrom
group_15487,0.1,plasmid
pqqU,0.9078947368421053,chrom
group_32948,0.0,plasmid
group_45882,0.8333333333333334,chrom
group_22010,0.0,plasmid
valS,1.0,chrom
group_40630,0.9943502824858758,chrom
group_16835,0.016666666666666666,plasmid
group_49445,0.7534246575342466,chrom
group_38827,0.9914529914529915,chrom
group_44084,0.9664429530201343,chrom
group_35961,1.0,chrom
lysR~~~xapR,1.0,chrom
iolC~~~pfkB,1.0,chrom
ybgP~~~papD,1.0,chrom
group_23070,0.10638297872340426,plasmid
narW,1.0,chrom
group_47606,0.9878048780487805,chrom
ykgA~~~araC,1.0,chrom
group_15971,0.1469387755102041,plasmid
group_47747,0.0707070707070707,plasmid
group_32187,0.0,plasmid
group_49427,0.9838709677419355,chrom
group_33282,0.9894291754756871,chrom
group_45262,0.0,plasmid
group_46088,1.0,chrom
ydhL,0.9975062344139651,chrom
adaA,0.9905660377358491,chrom
group_23724,0.0,plasmid
group_47371,0.946969696969697,chrom
group_40467,1.0,chrom
group_17392,0.08996539792387544,plasmid
gatD,0.9787234042553191,chrom
group_38076,1.0,chrom
group_43595,0.8947368421052632,chrom
group_39567,0.9870967741935484,chrom
fAS1,1.0,chrom
group_12775,0.9514563106796117,chrom
group_45942,1.0,chrom
group_41719,0.4647887323943662,chrom
group_30384,0.9875,chrom
group_12556,0.9912280701754386,chrom
group_48937,0.9857142857142858,chrom
fabG2,1.0,chrom
group_12865,0.0,plasmid
group_42133,1.0,chrom
group_39036,0.9659090909090909,chrom
group_44894,0.9971181556195965,chrom
yhdW,1.0,chrom
group_25465,0.9956803455723542,chrom
group_36793,1.0,chrom
group_32206,0.0,plasmid
group_11081,1.0,chrom
group_16013,0.8591549295774648,chrom
group_9525,0.98989898989899,chrom
group_48077,1.0,chrom
group_22533,0.2807017543859649,chrom
group_43795,1.0,chrom
group_34673,1.0,chrom
group_42632,1.0,chrom
group_15462,0.9939024390243902,chrom
deoR~~~srlR,0.9986754966887417,chrom
ycjD,0.9864130434782609,chrom
yagU,0.9934640522875817,chrom
group_46162,1.0,chrom
hybA,1.0,chrom
group_42378,0.013888888888888888,plasmid
yajL~~~yraA,1.0,chrom
insN~~~tnp~~~insN1~~~insI1,0.5692307692307692,chrom
group_43382,1.0,chrom
group_46942,1.0,chrom
group_37592,1.0,chrom
rbsK~~~pfkB~~~yihV,0.9971223021582734,chrom
group_43882,1.0,chrom
tynA,0.9955686853766618,chrom
group_2925,0.005434782608695652,plasmid
group_37454,0.9978858350951374,chrom
group_37142,0.99800796812749,chrom
group_45207,0.9238095238095239,chrom
group_35763,0.2696629213483146,chrom
group_41962,0.10344827586206896,plasmid
group_28376,0.07207207207207207,plasmid
group_45540,0.785234899328859,chrom
group_44616,0.0,plasmid
group_16535,0.0,plasmid
group_42818,1.0,chrom
group_36227,1.0,chrom
pulG,0.9922178988326849,chrom
group_44976,0.9823008849557522,chrom
group_33181,0.0,plasmid
group_43810,0.9253731343283582,chrom
group_40500,1.0,chrom
group_43523,1.0,chrom
group_18199,0.9863013698630136,chrom
group_22963,0.9642857142857143,chrom
group_49100,0.5425531914893617,chrom
group_42284,0.9885057471264368,chrom
group_45602,0.2222222222222222,chrom
group_25154,0.0,plasmid
group_45035,1.0,chrom
lysR~~~ltrA,0.9904761904761905,chrom
hisM~~~yhdY,1.0,chrom
group_43939,1.0,chrom
group_45286,1.0,chrom
group_1461,1.0,chrom
ccc1,0.8658536585365854,chrom
group_39216,1.0,chrom
ganA,0.9904761904761905,chrom
glgB,0.96875,chrom
group_43755,0.9807692307692307,chrom
group_15248,0.9939759036144579,chrom
yqjQ~~~araC,1.0,chrom
group_36408,1.0,chrom
sgbU~~~sgaU,1.0,chrom
cdgR~~~eAL,1.0,chrom
group_44150,1.0,chrom
group_48595,1.0,chrom
hpxA,1.0,chrom
group_46099,0.7727272727272727,chrom
group_48132,1.0,chrom
group_39678,1.0,chrom
group_42698,1.0,chrom
group_48185,0.9827586206896551,chrom
acrA~~~ttgA,0.9829787234042553,chrom
group_4243,0.0,plasmid
group_40592,0.9981515711645101,chrom
dfrA5~~~dfrA25~~~dfrA14,0.14166666666666666,plasmid
group_39558,1.0,chrom
tnpR~~~tnpA~~~spoIVCA~~~pinE,0.08653846153846154,plasmid
group_13545,0.9339622641509434,chrom
group_37230,1.0,chrom
group_48184,0.837037037037037,chrom
group_44635,0.9893617021276596,chrom
group_41800,0.9411764705882353,chrom
group_44300,0.9979123173277662,chrom
group_31784,0.9940119760479041,chrom
group_38470,1.0,chrom
group_47155,1.0,chrom
group_29758,1.0,chrom
rhaB,0.9985422740524781,chrom
group_40682,1.0,chrom
group_43687,1.0,chrom
group_47965,0.9801324503311258,chrom
group_45697,1.0,chrom
group_48436,0.9875518672199171,chrom
rAYT,0.9956140350877193,chrom
group_48134,1.0,chrom
group_39604,1.0,chrom
group_40867,0.9966832504145937,chrom
group_43195,0.9402985074626866,chrom
tnpB~~~fecE,0.5333333333333333,chrom
group_40390,1.0,chrom
group_38821,0.9984399375975039,chrom
lysR~~~yafC~~~dmlR,0.9942528735632183,chrom
group_34066,0.998046875,chrom
group_42332,0.8863636363636364,chrom
group_48313,0.9642857142857143,chrom
group_38149,0.9702970297029703,chrom
group_12628,0.023076923076923078,plasmid
group_48532,0.9929577464788732,chrom
group_31324,0.9957627118644068,chrom
group_35931,1.0,chrom
group_44038,1.0,chrom
group_34510,0.9986754966887417,chrom
group_45299,0.9863013698630136,chrom
group_40159,0.9878048780487805,chrom
group_38052,0.9980353634577603,chrom
group_48989,0.16,plasmid
group_15179,0.07407407407407407,plasmid
fimB~~~intA~~~intB,0.9932885906040269,chrom
silB~~~cusB,0.6258992805755396,chrom
group_46818,0.567741935483871,chrom
group_47893,1.0,chrom
group_37536,0.9897959183673469,chrom
group_44387,1.0,chrom
group_33222,0.9983766233766234,chrom
group_47712,1.0,chrom
group_15759,0.06349206349206349,plasmid
group_30057,1.0,chrom
group_46539,0.03783783783783784,plasmid
group_42285,1.0,chrom
group_39124,1.0,chrom
group_12834,0.043478260869565216,plasmid
group_41587,1.0,chrom
group_27674,0.01639344262295082,plasmid
group_38419,1.0,chrom
group_37356,0.9895833333333334,chrom
group_47375,1.0,chrom
group_15057,0.44565217391304346,chrom
mviM~~~ycjT,0.9946666666666667,chrom
group_49584,0.7966101694915254,chrom
repB,0.0,plasmid
dksA~~~traR,1.0,chrom
group_43197,0.9875,chrom
group_48140,0.993006993006993,chrom
group_40479,0.9984101748807631,chrom
blaOXA~~~blaOXA1,0.20454545454545456,chrom
group_40718,0.9,chrom
group_37894,0.9983818770226537,chrom
group_36234,0.9484536082474226,chrom
group_46937,1.0,chrom
group_40101,1.0,chrom
group_38917,0.9977628635346756,chrom
group_47657,1.0,chrom
yahD~~~aNKYR,0.998661311914324,chrom
group_5469,0.042105263157894736,plasmid
group_49043,1.0,chrom
xtmA,0.9951456310679612,chrom
trhU~~~traU,0.035175879396984924,plasmid
dinP~~~umuC,1.0,chrom
group_45953,1.0,chrom
group_47069,1.0,chrom
hcaE,0.9984101748807631,chrom
group_44140,0.24835164835164836,chrom
group_41657,0.5409836065573771,chrom
group_45997,0.9871794871794872,chrom
group_44763,0.9971428571428571,chrom
group_7919,0.98989898989899,chrom
group_45939,0.0,plasmid
group_2447,0.0,plasmid
group_9111,0.05641025641025641,plasmid
group_36052,0.9879518072289156,chrom
group_20313,0.9864864864864865,chrom
group_48936,1.0,chrom
group_41382,0.14130434782608695,plasmid
group_43750,1.0,chrom
group_21534,1.0,chrom
group_40291,0.9764705882352941,chrom
group_23074,0.0,plasmid
group_32962,0.9978448275862069,chrom
group_51298,0.026595744680851064,plasmid
group_47436,0.9924812030075187,chrom
aadA1~~~aadA2,0.039473684210526314,plasmid
group_40992,0.4805194805194805,chrom
group_43439,0.9879518072289156,chrom
group_35850,1.0,chrom
group_35283,1.0,chrom
group_41941,0.9918032786885246,chrom
group_29728,0.975,chrom
group_33263,0.0,plasmid
group_40671,1.0,chrom
qnrB~~~qnrB2~~~qnrB1~~~qnrB19,0.05405405405405406,plasmid
group_39488,0.9903846153846154,chrom
group_39617,0.9986772486772487,chrom
group_44779,1.0,chrom
group_51075,1.0,chrom
group_42907,0.9770114942528736,chrom
group_45738,0.9923076923076923,chrom
group_44954,0.9833333333333333,chrom
group_49418,0.9841269841269841,chrom
group_28151,0.0,plasmid
ycjT,0.9946902654867257,chrom
fecD,0.5365853658536586,chrom
group_15129,0.013513513513513514,plasmid
group_43075,0.9943820224719101,chrom
trxB,0.8448275862068966,chrom
group_41906,0.057291666666666664,plasmid
group_44511,0.9916666666666667,chrom
rhaT~~~eamA,0.9949748743718593,chrom
group_43474,1.0,chrom
group_36250,0.9944289693593314,chrom
group_40510,1.0,chrom
group_41119,1.0,chrom
desA,1.0,chrom
group_43658,1.0,chrom
group_40880,1.0,chrom
group_31227,1.0,chrom
group_48213,1.0,chrom
group_1793,0.9204545454545454,chrom
group_35728,0.9928057553956835,chrom
kikA,0.03409090909090909,plasmid
group_19176,1.0,chrom
group_36165,0.9925373134328358,chrom
group_46900,0.10714285714285714,plasmid
group_43800,0.9951060358890701,chrom
group_31120,0.9797979797979798,chrom
aldA,1.0,chrom
group_49167,0.026881720430107527,plasmid
group_38355,0.9937629937629938,chrom
group_10883,1.0,chrom
group_46403,0.05,plasmid
group_41077,0.3951612903225806,chrom
group_46640,1.0,chrom
ubiD~~~yigC,1.0,chrom
dsdX~~~gntT,1.0,chrom
yajL,0.972972972972973,chrom
group_42366,1.0,chrom
group_41148,0.08888888888888889,plasmid
intM~~~xerD,0.015384615384615385,plasmid
ddpA~~~appA,1.0,chrom
group_48034,1.0,chrom
group_10605,0.9978813559322034,chrom
group_36358,1.0,chrom
group_20269,1.0,chrom
group_44397,0.014925373134328358,plasmid
group_40425,0.9981447124304267,chrom
group_41891,0.0,plasmid
puuC,1.0,chrom
group_49383,0.12264150943396226,plasmid
group_31956,0.9972789115646259,chrom
group_45325,0.9950980392156863,chrom
trbN,0.0,plasmid
phnL~~~phnK,0.9402985074626866,chrom
group_29286,0.9978213507625272,chrom
group_20729,1.0,chrom
group_24791,1.0,chrom
group_47176,0.3880597014925373,chrom
corA,0.0,plasmid
group_2342,0.029850746268656716,plasmid
group_22355,0.0,plasmid
group_48087,1.0,chrom
fecC,0.7971014492753623,chrom
group_48879,0.035175879396984924,plasmid
group_37437,0.0,plasmid
group_42749,1.0,chrom
yqjC,1.0,chrom
group_35972,0.9950738916256158,chrom
group_46898,1.0,chrom
group_43142,0.99375,chrom
group_45108,0.995260663507109,chrom
group_37455,0.9952153110047847,chrom
group_32288,1.0,chrom
group_34250,1.0,chrom
group_40108,1.0,chrom
group_47628,0.9915966386554622,chrom
group_15162,0.9318885448916409,chrom
group_45474,0.9971098265895953,chrom
group_23177,0.08294930875576037,plasmid
ydfG~~~lysR,1.0,chrom
group_11662,0.9904761904761905,chrom
group_43896,0.9797979797979798,chrom
group_19559,0.005319148936170213,plasmid
group_33262,0.0,plasmid
group_37901,1.0,chrom
group_47689,1.0,chrom
group_40644,1.0,chrom
group_37319,0.9940119760479041,chrom
group_38002,1.0,chrom
group_40647,0.981042654028436,chrom
group_40612,1.0,chrom
group_23794,1.0,chrom
spmB~~~yjiG,1.0,chrom
group_45174,1.0,chrom
group_17923,0.9972640218878249,chrom
group_29202,0.4269005847953216,chrom
phlA,1.0,chrom
group_40427,0.9971509971509972,chrom
group_40168,0.98989898989899,chrom
group_2096,1.0,chrom
yjdB,0.0,plasmid
ebgR,1.0,chrom
group_44786,1.0,chrom
group_47901,1.0,chrom
group_43760,1.0,chrom
yjhX,0.99721059972106,chrom
group_9742,1.0,chrom
group_36284,0.9971509971509972,chrom
group_47869,1.0,chrom
group_41626,0.9722222222222222,chrom
group_41862,0.9552238805970149,chrom
tssH~~~clpV1,0.9810126582278481,chrom
group_46295,0.9851851851851852,chrom
group_41177,0.3595505617977528,chrom
vgrG~~~zliS,0.9880952380952381,chrom
pAS~~~ydaM,1.0,chrom
group_33415,0.032,plasmid
group_44889,0.1542056074766355,plasmid
group_2418,0.23809523809523808,chrom
group_40659,1.0,chrom
group_36694,1.0,chrom
dppB,1.0,chrom
group_35746,1.0,chrom
group_32349,0.9971509971509972,chrom
group_47767,0.9222797927461139,chrom
group_31935,0.7931034482758621,chrom
ycgI,1.0,chrom
group_42748,1.0,chrom
group_31913,0.9938837920489296,chrom
group_42912,0.9910714285714286,chrom
group_35157,1.0,chrom
group_42638,1.0,chrom
rhuM,0.9971830985915493,chrom
group_46466,0.06153846153846154,plasmid
cmtB,0.9947643979057592,chrom
group_40515,1.0,chrom
vgrG~~~evpB,0.9931662870159453,chrom
group_43275,0.010752688172043012,plasmid
group_49450,0.991869918699187,chrom
group_44007,1.0,chrom
group_43979,0.7252396166134185,chrom
group_35017,0.9941176470588236,chrom
group_40514,1.0,chrom
group_41927,0.10429447852760736,plasmid
group_36618,1.0,chrom
group_39301,0.9966442953020134,chrom
group_35935,0.7046004842615012,chrom
group_40381,0.9984101748807631,chrom
group_34389,1.0,chrom
group_44950,0.9836065573770492,chrom
yxxF~~~rhaT~~~eamA,0.9967741935483871,chrom
group_40466,0.9933110367892977,chrom
gstA~~~yliJ,1.0,chrom
group_39911,1.0,chrom
group_48330,0.46464646464646464,chrom
group_34665,1.0,chrom
group_43664,1.0,chrom
yddV,1.0,chrom
group_34709,0.9984639016897081,chrom
group_40638,0.9944444444444445,chrom
group_41546,0.3333333333333333,chrom
dsbA~~~frnE,0.2054794520547945,chrom
group_43655,0.997907949790795,chrom
group_44958,0.9848484848484849,chrom
group_38447,0.9943820224719101,chrom
group_11933,0.0273224043715847,plasmid
group_12196,0.031746031746031744,plasmid
group_39161,1.0,chrom
group_16556,0.08881578947368421,plasmid
group_23048,0.18604651162790697,plasmid
group_13699,0.0380952380952381,plasmid
group_39275,0.9985507246376811,chrom
group_36931,0.0,plasmid
group_12866,0.0,plasmid
group_40419,0.9929577464788732,chrom
blp2~~~bapA,0.9952681388012619,chrom
group_29907,0.8189655172413793,chrom
group_28797,1.0,chrom
group_26860,0.06349206349206349,plasmid
group_16070,0.0,plasmid
group_35031,0.9983471074380166,chrom
group_47301,0.14583333333333334,plasmid
yeeU~~~yfjZ~~~yafW,1.0,chrom
minD~~~parA,0.0,plasmid
group_34553,0.9710144927536232,chrom
dotU~~~ytxE,1.0,chrom
csgE,0.9986631016042781,chrom
group_48136,1.0,chrom
group_27639,0.9578313253012049,chrom
group_39677,1.0,chrom
yfjR~~~yobV,0.765625,chrom
group_42763,0.9913544668587896,chrom
group_20711,1.0,chrom
uspA~~~uspG,1.0,chrom
group_39889,0.9977220956719818,chrom
group_36416,0.0,plasmid
group_38414,1.0,chrom
cynR~~~lysR~~~allS,1.0,chrom
group_36194,1.0,chrom
group_45410,1.0,chrom
group_2212,0.03225806451612903,plasmid
group_31952,0.9960629921259843,chrom
group_36779,0.9893162393162394,chrom
group_12989,0.03669724770642202,plasmid
group_31181,1.0,chrom
group_38363,0.9777777777777777,chrom
group_50688,1.0,chrom
group_33492,0.0582010582010582,plasmid
group_36113,0.9910714285714286,chrom
group_44682,0.9821428571428571,chrom
lptG,0.9912087912087912,chrom
group_38987,1.0,chrom
ssnA~~~ubiE,0.9984025559105432,chrom
group_42035,0.7419354838709677,chrom
group_31761,1.0,chrom
group_49468,0.031746031746031744,plasmid
group_47896,0.9844961240310077,chrom
group_40886,1.0,chrom
group_34017,1.0,chrom
pucG,1.0,chrom
group_45943,1.0,chrom
sopA~~~spo0J,0.0625,plasmid
group_32868,1.0,chrom
group_48803,0.993421052631579,chrom
group_48439,1.0,chrom
group_9456,1.0,chrom
group_47617,0.0,plasmid
group_30229,1.0,chrom
group_7104,0.011627906976744186,plasmid
group_39432,1.0,chrom
group_23536,0.9938271604938271,chrom
group_44713,0.8062015503875969,chrom
group_39971,1.0,chrom
group_48256,0.35714285714285715,chrom
group_35308,0.9863013698630136,chrom
group_42160,1.0,chrom
group_45763,0.9848484848484849,chrom
group_18107,1.0,chrom
group_42407,1.0,chrom
group_22339,0.15517241379310345,plasmid
group_24059,0.037037037037037035,plasmid
group_48126,0.9827586206896551,chrom
ssuC~~~tauC,1.0,chrom
ompA~~~vgrG,0.9745222929936306,chrom
group_47341,1.0,chrom
group_42298,0.9823008849557522,chrom
mJ0435,0.1511627906976744,plasmid
intQ~~~fimB,0.9913793103448276,chrom
group_36427,1.0,chrom
group_41501,0.984375,chrom
phoA,0.9950980392156863,chrom
focC~~~lpfB~~~fimC,1.0,chrom
group_48729,1.0,chrom
uhpC~~~ydfJ,0.9959349593495935,chrom
group_44232,0.014388489208633094,plasmid
mrkC~~~stcC,0.22033898305084745,chrom
group_20536,0.9841269841269841,chrom
group_42828,0.9957264957264957,chrom
group_47482,0.03286384976525822,plasmid
group_46605,0.011363636363636364,plasmid
yjdN,0.958904109589041,chrom
trhI~~~uvrD,0.03535353535353535,plasmid
group_41142,0.1919191919191919,plasmid
yiaK,1.0,chrom
fadH2~~~catE,0.9984101748807631,chrom
group_27165,0.9920318725099602,chrom
group_36124,1.0,chrom
group_15736,1.0,chrom
group_46212,0.9827586206896551,chrom
prpB,1.0,chrom
group_49233,0.9942857142857143,chrom
group_44905,1.0,chrom
group_29418,0.11267605633802817,plasmid
group_46729,0.043478260869565216,plasmid
ulaF~~~araD,1.0,chrom
group_38044,0.9950124688279302,chrom
group_42131,0.9872068230277186,chrom
group_2996,0.010752688172043012,plasmid
group_19672,0.14705882352941177,plasmid
group_31965,0.0,plasmid
group_40734,0.9927536231884058,chrom
gGDEF~~~yneF,0.9787234042553191,chrom
trhZ,0.0,plasmid
group_43509,1.0,chrom
fhuE~~~fhuA,1.0,chrom
icmF~~~impL~~~vasK~~~imcF,0.9932432432432432,chrom
group_47449,0.9917355371900827,chrom
group_45306,1.0,chrom
group_40624,1.0,chrom
group_44643,1.0,chrom
terZ~~~terX,0.05791505791505792,plasmid
lysR~~~pgrR,1.0,chrom
tnp~~~tra5~~~insE~~~insO,0.8691588785046729,chrom
group_44551,1.0,chrom
group_12708,0.0546875,plasmid
group_13665,0.0,plasmid
lysR~~~leuO,0.9974025974025974,chrom
group_47693,1.0,chrom
group_39652,1.0,chrom
group_30671,0.006211180124223602,plasmid
group_34814,0.6885245901639344,chrom
group_39846,0.9647058823529412,chrom
group_37256,1.0,chrom
group_39149,1.0,chrom
group_30456,1.0,chrom
group_38811,1.0,chrom
group_43748,1.0,chrom
group_37231,1.0,chrom
group_19236,0.0,plasmid
fliB,0.9831932773109243,chrom
group_39831,0.6716417910447762,chrom
group_23112,0.9304347826086956,chrom
group_42377,0.6031746031746031,chrom
group_24915,0.0,plasmid
group_40548,0.3709677419354839,chrom
group_40516,1.0,chrom
group_29158,1.0,chrom
rsxC~~~rnfC,0.9872611464968153,chrom
group_44651,0.7026378896882494,chrom
pA5055,0.9970326409495549,chrom
group_40523,0.9968553459119497,chrom
group_35862,1.0,chrom
group_43940,1.0,chrom
group_41824,0.21052631578947367,chrom
group_37167,0.9986449864498645,chrom
glxA~~~marA~~~araC~~~ftrA,1.0,chrom
group_42223,0.9852941176470589,chrom
group_43456,0.9876543209876543,chrom
group_41889,0.06153846153846154,plasmid
group_47324,0.9732142857142857,chrom
group_18245,0.08433734939759036,plasmid
wecH,0.9747899159663865,chrom
group_43403,1.0,chrom
group_34656,0.03418803418803419,plasmid
mviN~~~murJ,1.0,chrom
group_49484,0.04819277108433735,plasmid
group_36371,1.0,chrom
group_41283,1.0,chrom
group_42253,1.0,chrom
pcoS~~~baeS,0.8235294117647058,chrom
group_34306,1.0,chrom
group_41174,1.0,chrom
dfrA51,0.0,plasmid
ypaA,1.0,chrom
group_44731,0.559322033898305,chrom
group_45073,0.9883720930232558,chrom
gutM,0.9986754966887417,chrom
group_30407,1.0,chrom
group_49159,0.9929078014184397,chrom
frsA~~~ycjY,0.8181818181818182,chrom
group_46959,0.9887640449438202,chrom
group_40936,0.9983525535420099,chrom
group_38824,0.9985855728429985,chrom
tctC,1.0,chrom
group_34930,0.42028985507246375,chrom
group_43212,0.7023809523809523,chrom
group_47904,1.0,chrom
group_34788,0.9851301115241635,chrom
clpK~~~clpA,0.3879310344827586,chrom
group_18134,0.0449438202247191,plasmid
group_40274,1.0,chrom
group_47289,0.9743589743589743,chrom
ydeJ~~~pncC~~~cinA~~~mutS,1.0,chrom
group_33900,1.0,chrom
group_30523,0.3359375,chrom
group_35568,0.9830508474576272,chrom
group_41553,1.0,chrom
cusB~~~mcnD~~~hlyD,0.9833333333333333,chrom
group_47180,0.9916666666666667,chrom
group_28679,1.0,chrom
ygiQ,0.9986168741355463,chrom
ompA~~~yiaD,1.0,chrom
group_32536,0.0,plasmid
group_40625,1.0,chrom
group_36707,1.0,chrom
group_35067,1.0,chrom
group_40762,0.9985052316890882,chrom
group_35249,0.9907120743034056,chrom
group_20334,0.9905660377358491,chrom
group_47579,0.9801324503311258,chrom
group_13060,0.14814814814814814,plasmid
group_38847,0.043668122270742356,plasmid
group_42898,0.9902912621359223,chrom
group_41216,1.0,chrom
group_15954,0.03389830508474576,plasmid
group_35393,0.9974619289340102,chrom
yrpB,0.9930555555555556,chrom
yjhB,1.0,chrom
macB,0.995260663507109,chrom
group_47106,1.0,chrom
group_39476,0.9947643979057592,chrom
impA~~~vasL~~~tssK,0.995249406175772,chrom
group_20146,1.0,chrom
group_40876,0.9285714285714286,chrom
mdcH,0.993920972644377,chrom
group_38346,0.9957446808510638,chrom
group_44058,0.03225806451612903,plasmid
group_43199,0.9841269841269841,chrom
group_47018,0.1464968152866242,plasmid
group_12954,0.3893805309734513,chrom
group_34899,1.0,chrom
group_19625,0.98989898989899,chrom
group_37985,0.0,plasmid
group_37823,0.9924242424242424,chrom
terZ~~~terD,0.0546875,plasmid
group_35941,0.9905660377358491,chrom
group_41043,0.05,plasmid
group_34775,0.987012987012987,chrom
group_42170,1.0,chrom
merD~~~merE,0.06486486486486487,plasmid
group_45876,0.9886685552407932,chrom
rcnA,0.29464285714285715,chrom
yjbD,0.9986282578875172,chrom
group_21453,0.5437352245862884,chrom
foxA~~~fhuE,0.996116504854369,chrom
group_49030,0.9873417721518988,chrom
group_45214,0.9873417721518988,chrom
group_41523,0.8115942028985508,chrom
group_40935,0.203125,chrom
group_46829,0.9629629629629629,chrom
tssM~~~impL~~~icmF,1.0,chrom
group_39688,0.03225806451612903,plasmid
group_39642,1.0,chrom
group_41369,0.5238095238095238,chrom
group_41339,0.1728395061728395,plasmid
group_39441,0.9936305732484076,chrom
group_14868,0.027777777777777776,plasmid
group_32233,1.0,chrom
group_43694,0.9830508474576272,chrom
group_39302,0.9985734664764622,chrom
group_35917,0.9867549668874173,chrom
batB,1.0,chrom
group_48865,0.0,plasmid
group_3254,0.0028653295128939827,plasmid
group_46516,0.8496503496503497,chrom
group_48385,1.0,chrom
group_31968,0.11594202898550725,plasmid
group_42176,1.0,chrom
group_39033,1.0,chrom
group_28861,0.012345679012345678,plasmid
group_22695,1.0,chrom
group_38227,0.9948186528497409,chrom
group_43669,0.9934640522875817,chrom
group_27390,0.9837133550488599,chrom
group_40171,1.0,chrom
group_47304,1.0,chrom
eda,0.9970104633781763,chrom
group_48158,1.0,chrom
group_35105,1.0,chrom
group_26565,0.9759036144578314,chrom
hypA,0.02608695652173913,plasmid
group_33133,1.0,chrom
group_40555,1.0,chrom
group_41746,0.10191082802547771,plasmid
group_35602,1.0,chrom
group_30560,0.04918032786885246,plasmid
tauB~~~fbpC,0.997289972899729,chrom
ybbA,0.997275204359673,chrom
group_30039,0.9820143884892086,chrom
group_43514,1.0,chrom
group_41602,1.0,chrom
group_36158,0.35353535353535354,chrom
group_22102,1.0,chrom
group_43098,0.6935483870967742,chrom
group_33536,0.7061855670103093,chrom
group_42453,0.9482758620689655,chrom
group_45865,1.0,chrom
group_13779,0.0273224043715847,plasmid
group_23203,0.7916666666666666,chrom
group_49076,1.0,chrom
group_41662,0.0,plasmid
group_28653,0.0546875,plasmid
group_28148,0.013888888888888888,plasmid
group_46831,1.0,chrom
group_40787,0.8249258160237388,chrom
group_33697,1.0,chrom
group_48247,1.0,chrom
yesR~~~rhiN,1.0,chrom
group_42362,1.0,chrom
group_30540,0.7649402390438247,chrom
group_19117,1.0,chrom
group_46750,0.034482758620689655,plasmid
group_39701,0.955,chrom
group_37543,1.0,chrom
group_31831,1.0,chrom
group_42072,1.0,chrom
yagF~~~ilvD,1.0,chrom
yfdX2,0.4492753623188406,chrom
group_47182,0.15350877192982457,plasmid
leuA,0.9984871406959153,chrom
aaeR~~~dmlR~~~lysR,0.9829545454545454,chrom
group_40337,1.0,chrom
group_46848,0.5978260869565217,chrom
group_41912,1.0,chrom
lpsE,0.9967266775777414,chrom
group_7677,0.98989898989899,chrom
group_40380,0.9981481481481481,chrom
ompC~~~yddG~~~ompD~~~yddL~~~nmpC,0.9966777408637874,chrom
group_42483,0.9855072463768116,chrom
yyaH~~~gloA,0.9869281045751634,chrom
iolD,1.0,chrom
gcd,0.9978354978354979,chrom
group_39858,1.0,chrom
group_33632,0.9838709677419355,chrom
rhaM~~~fucO,0.9984399375975039,chrom
group_48551,1.0,chrom
group_48919,0.9904761904761905,chrom
group_38544,1.0,chrom
group_17825,0.005128205128205128,plasmid
group_44053,1.0,chrom
group_47785,1.0,chrom
mcr9~~~mcr92,0.20512820512820512,chrom
group_41785,0.0,plasmid
group_37449,1.0,chrom
group_21972,0.08196721311475409,plasmid
group_40726,0.05333333333333334,plasmid
group_34344,0.9846153846153847,chrom
group_28779,0.0,plasmid
group_43954,0.8620689655172413,chrom
spo0J~~~parB,0.03508771929824561,plasmid
group_44216,0.05172413793103448,plasmid
group_35060,1.0,chrom
dppF,0.9952153110047847,chrom
uvp1~~~spoIVCA,0.02247191011235955,plasmid
group_36733,0.9830148619957537,chrom
group_48427,1.0,chrom
group_42732,0.5555555555555556,chrom
group_44121,1.0,chrom
group_34400,0.9831932773109243,chrom
group_33306,1.0,chrom
group_30151,0.9914346895074947,chrom
group_36107,0.9957446808510638,chrom
group_42906,0.978494623655914,chrom
group_37710,1.0,chrom
group_38695,0.9252336448598131,chrom
group_13067,0.2972222222222222,chrom
dsdC~~~lysR,1.0,chrom
recT~~~recE,0.9888888888888889,chrom
group_47210,0.9819277108433735,chrom
group_45524,0.9775280898876404,chrom
group_22295,0.027932960893854747,plasmid
trhK,0.035175879396984924,plasmid
group_41156,0.6212121212121212,chrom
group_37306,0.0,plasmid
group_45650,1.0,chrom
mcnB~~~cvaB~~~lagD,0.9727891156462585,chrom
fimA~~~mrkF,0.25,chrom
group_29111,0.026455026455026454,plasmid
group_19101,0.026455026455026454,plasmid
group_33297,1.0,chrom
group_48524,1.0,chrom
group_40569,0.9981447124304267,chrom
group_6275,0.11570247933884298,plasmid
pcoD~~~copD,0.7533039647577092,chrom
group_38635,1.0,chrom
group_24318,1.0,chrom
yobV~~~deoR,0.9908536585365854,chrom
tniQ~~~luxR,0.9724770642201835,chrom
group_44320,0.0,plasmid
group_12276,1.0,chrom
group_48477,0.9887640449438202,chrom
group_36136,0.5348837209302325,chrom
group_40221,0.9827586206896551,chrom
group_36410,0.992,chrom
group_41573,0.5607476635514018,chrom
group_47121,1.0,chrom
group_46566,0.9176470588235294,chrom
group_32798,1.0,chrom
group_33720,1.0,chrom
group_31901,1.0,chrom
lacI~~~malI,0.9924812030075187,chrom
group_14783,0.9022556390977443,chrom
group_39104,0.9983050847457627,chrom
iS5~~~tnp,0.34782608695652173,chrom
group_43844,0.8175182481751825,chrom
fimB~~~xerC,1.0,chrom
group_40712,0.9884726224783862,chrom
group_27037,0.9833333333333333,chrom
group_10593,0.043209876543209874,plasmid
group_12665,0.062146892655367235,plasmid
melB~~~xynT~~~yicJ,0.9986225895316805,chrom
group_39189,1.0,chrom
terF~~~terZ,0.03571428571428571,plasmid
group_41435,0.03333333333333333,plasmid
group_34653,1.0,chrom
group_40002,0.9977628635346756,chrom
group_39251,0.9925373134328358,chrom
group_42968,0.011764705882352941,plasmid
group_37194,0.9985422740524781,chrom
group_38938,1.0,chrom
xapX,1.0,chrom
group_47851,1.0,chrom
mtlA,0.9947643979057592,chrom
yeeU~~~yafW~~~yfjZ,0.9922480620155039,chrom
group_21025,0.9733333333333334,chrom
ecpD~~~stcB,0.9962264150943396,chrom
group_35057,1.0,chrom
group_38846,1.0,chrom
yeaM~~~araC,1.0,chrom
group_49540,0.9862068965517241,chrom
group_44063,1.0,chrom
group_34770,1.0,chrom
group_41390,0.9959514170040485,chrom
group_13116,0.0,plasmid
rsiW,1.0,chrom
dapA,1.0,chrom
group_47212,0.9904761904761905,chrom
group_36010,1.0,chrom
rplQ,1.0,chrom
group_33958,0.9979879275653923,chrom
group_33680,0.012345679012345678,plasmid
group_47870,1.0,chrom
group_38652,1.0,chrom
group_41599,1.0,chrom
group_36728,1.0,chrom
group_26750,0.9978401727861771,chrom
group_44673,1.0,chrom
group_45842,1.0,chrom
group_45366,1.0,chrom
group_15994,0.03870967741935484,plasmid
group_1466,1.0,chrom
group_48168,0.9900662251655629,chrom
group_2338,0.0,plasmid
group_40220,0.9936708860759493,chrom
group_47912,0.41338582677165353,chrom
group_37328,0.9930313588850174,chrom
group_36747,0.9479166666666666,chrom
group_4696,0.0625,plasmid
group_15353,0.054945054945054944,plasmid
group_46396,0.8270676691729323,chrom
insF~~~tnp,0.9212598425196851,chrom
group_31591,0.0,plasmid
group_45992,1.0,chrom
group_48806,0.9827586206896551,chrom
group_41630,0.12138728323699421,plasmid
group_40457,1.0,chrom
group_45177,0.9716981132075472,chrom
group_33461,1.0,chrom
group_37470,0.9940119760479041,chrom
hopD~~~pulO,1.0,chrom
yldA~~~mgtR,0.9981447124304267,chrom
ykgJ~~~yeiW,0.9642857142857143,chrom
group_39819,0.8262910798122066,chrom
group_42991,0.9657142857142857,chrom
group_36722,0.9979166666666667,chrom
group_44388,1.0,chrom
group_40298,0.9746192893401016,chrom
group_39027,0.9986072423398329,chrom
catB~~~catB8~~~catB3,0.19791666666666666,plasmid
group_40755,0.9960238568588469,chrom
ibpA~~~shsP,0.2734375,chrom
group_42772,0.9948979591836735,chrom
czcA~~~acrB,0.9914529914529915,chrom
group_2443,0.0,plasmid
group_21130,0.8666666666666667,chrom
group_16749,0.9452054794520548,chrom
group_47577,0.9938271604938271,chrom
group_35821,0.9875621890547264,chrom
group_47654,0.9862068965517241,chrom
group_45563,0.9853556485355649,chrom
group_42334,0.691358024691358,chrom
yjdF,0.9481268011527377,chrom
group_36201,0.0,plasmid
group_39404,0.998587570621469,chrom
lsrC,0.95,chrom
group_44734,1.0,chrom
group_22008,0.0,plasmid
group_31793,0.014285714285714285,plasmid
group_2265,0.0989010989010989,plasmid
tsx~~~ompK,1.0,chrom
spoIVCA~~~tnpA,0.11940298507462686,plasmid
hocA,1.0,chrom
group_40737,1.0,chrom
ttgA~~~acrA,0.9914529914529915,chrom
ompR~~~silR,0.8804780876494024,chrom
group_48401,0.2786885245901639,chrom
group_33929,1.0,chrom
group_29586,1.0,chrom
yohP,1.0,chrom
group_40800,0.03,plasmid
group_37575,0.9917763157894737,chrom
group_40046,1.0,chrom
group_41515,1.0,chrom
silF~~~cusF,0.5495867768595041,chrom
group_38953,0.9894736842105263,chrom
group_30192,0.9933184855233853,chrom
repHI2,0.031088082901554404,plasmid
group_48317,1.0,chrom
group_32160,0.010752688172043012,plasmid
cbtA~~~ypjF~~~ykfI,0.9758064516129032,chrom
group_22013,0.0,plasmid
group_10232,0.1206896551724138,plasmid
group_46886,0.9722222222222222,chrom
group_34903,1.0,chrom
group_45710,0.9942528735632183,chrom
group_12716,0.4223826714801444,chrom
group_49020,0.014925373134328358,plasmid
group_40889,0.9879518072289156,chrom
group_40319,0.9,chrom
group_42570,0.7916666666666666,chrom
group_38628,1.0,chrom
group_8362,0.031914893617021274,plasmid
group_45761,0.9736842105263158,chrom
group_45719,0.9971098265895953,chrom
group_48481,1.0,chrom
group_21980,0.0546448087431694,plasmid
group_15678,1.0,chrom
mcr3~~~eptA~~~mcr9~~~mcr92~~~mcr10~~~mcr101,0.10606060606060606,plasmid
fosA~~~fosA2,1.0,chrom
group_8398,0.0425531914893617,plasmid
group_21029,0.9967532467532467,chrom
xylG~~~mglA,1.0,chrom
group_45970,1.0,chrom
group_37102,0.98989898989899,chrom
group_44128,0.9827586206896551,chrom
potC~~~ydcV,1.0,chrom
group_26047,0.953125,chrom
group_22449,1.0,chrom
group_39670,1.0,chrom
group_43999,1.0,chrom
group_44729,1.0,chrom
ysaA~~~hycB,0.9956709956709957,chrom
group_1919,0.1222707423580786,plasmid
group_45759,0.9887640449438202,chrom
terD,0.054474708171206226,plasmid
group_31206,0.01694915254237288,plasmid
group_22848,1.0,chrom
group_40866,1.0,chrom
group_45713,0.012658227848101266,plasmid
group_12528,0.9981549815498155,chrom
melB~~~yihP,0.9985611510791367,chrom
group_48049,0.935064935064935,chrom
group_44528,0.9915966386554622,chrom
group_49190,1.0,chrom
group_42957,0.618421052631579,chrom
aspD~~~fabG,0.9968253968253968,chrom
group_13896,0.9545454545454546,chrom
group_38139,0.0,plasmid
group_2128,0.8986013986013986,chrom
asd,1.0,chrom
group_38096,1.0,chrom
group_38175,0.9868421052631579,chrom
group_42467,1.0,chrom
group_35756,0.9858870967741935,chrom
group_22700,0.7796610169491526,chrom
group_48407,1.0,chrom
dctM,1.0,chrom
group_36822,0.9980353634577603,chrom
trbA,0.0,plasmid
phnD,0.9661016949152542,chrom
group_43256,0.9577464788732394,chrom
group_25260,0.0,plasmid
fimB~~~intS,1.0,chrom
group_39147,0.9444444444444444,chrom
group_44871,0.012658227848101266,plasmid
group_41059,0.834319526627219,chrom
group_48786,0.9583333333333334,chrom
group_15256,0.0125,plasmid
group_48354,0.47619047619047616,chrom
group_29672,0.0,plasmid
group_47529,0.9859154929577465,chrom
group_29192,0.03289473684210526,plasmid
group_32239,1.0,chrom
group_43675,0.015873015873015872,plasmid
group_46300,0.5204081632653061,chrom
group_35974,0.9950124688279302,chrom
group_38144,1.0,chrom
group_40558,0.9726027397260274,chrom
group_36855,0.9605263157894737,chrom
group_30045,0.0056179775280898875,plasmid
group_40468,0.9957356076759062,chrom
group_37840,0.984,chrom
group_45580,1.0,chrom
group_40816,1.0,chrom
group_48541,1.0,chrom
lprI~~~yecT,1.0,chrom
group_44951,1.0,chrom
group_42835,0.9940828402366864,chrom
group_20591,0.9978354978354979,chrom
group_40370,0.03418803418803419,plasmid
group_47645,0.9732142857142857,chrom
group_5501,0.0,plasmid
tnp~~~insA~~~insB,0.6721311475409836,chrom
arnB,1.0,chrom
phnC~~~glnQ,0.9946737683089214,chrom
pbp4b,0.9736842105263158,chrom
vagD~~~vapC,0.041666666666666664,plasmid
group_41542,0.9866666666666667,chrom
group_37862,1.0,chrom
group_43989,0.9978354978354979,chrom
group_35936,0.04807692307692308,plasmid
group_36264,0.9736842105263158,chrom
group_31518,0.9963235294117647,chrom
group_9457,0.06111111111111111,plasmid
group_34757,0.9465648854961832,chrom
group_38087,1.0,chrom
group_42428,1.0,chrom
group_34005,0.922077922077922,chrom
group_49057,1.0,chrom
group_10659,0.026595744680851064,plasmid
group_7454,0.026041666666666668,plasmid
ugpE~~~malG,0.998220640569395,chrom
group_33491,0.4473684210526316,chrom
group_30830,1.0,chrom
silE,0.5448275862068965,chrom
group_18444,0.12307692307692308,plasmid
group_15737,0.9897959183673469,chrom
group_48150,0.9886363636363636,chrom
group_48454,0.9565217391304348,chrom
group_42696,1.0,chrom
group_24123,0.9902912621359223,chrom
group_42199,0.3352272727272727,chrom
group_12755,0.06111111111111111,plasmid
group_47841,0.03319502074688797,plasmid
group_46686,0.23222748815165878,chrom
group_42141,0.989010989010989,chrom
group_46700,1.0,chrom
group_28546,0.02834008097165992,plasmid
group_42699,1.0,chrom
group_1512,0.9829059829059829,chrom
group_42851,0.7733333333333333,chrom
lysR~~~abgR,0.9986737400530504,chrom
group_44318,0.9871794871794872,chrom
yahO,0.9969088098918083,chrom
yihO~~~melB,0.9985611510791367,chrom
group_36576,0.0,plasmid
group_31780,1.0,chrom
group_32842,1.0,chrom
group_42326,0.047619047619047616,plasmid
group_44319,0.9922480620155039,chrom
group_43087,1.0,chrom
group_1934,0.0,plasmid
group_38674,1.0,chrom
araD~~~ulaF,1.0,chrom
group_44264,1.0,chrom
group_48485,1.0,chrom
group_45601,0.9986301369863013,chrom
group_11541,0.026881720430107527,plasmid
group_39693,1.0,chrom
group_25150,1.0,chrom
pcoB,0.2962962962962963,chrom
group_48183,0.9904761904761905,chrom
group_46924,1.0,chrom
group_40975,0.9125,chrom
group_40979,0.9318181818181818,chrom
lysE~~~araC,0.9897435897435898,chrom
group_40637,1.0,chrom
group_13914,0.9701492537313433,chrom
group_15235,0.3643410852713178,chrom
group_40743,0.04132231404958678,plasmid
group_1839,0.061224489795918366,plasmid
fimB~~~intA,0.9947643979057592,chrom
lpfB~~~fimC,0.9980916030534351,chrom
group_41240,0.014705882352941176,plasmid
group_31254,0.008849557522123894,plasmid
group_48490,1.0,chrom
group_43061,0.993103448275862,chrom
group_33189,0.35064935064935066,chrom
cirA~~~tonB,0.9956896551724138,chrom
group_45342,1.0,chrom
group_10314,0.02631578947368421,plasmid
group_49326,0.9901960784313726,chrom
ecpB~~~fimC,0.99800796812749,chrom
group_38688,0.9887640449438202,chrom
rhaA,0.9985422740524781,chrom
group_34648,1.0,chrom
group_11098,0.026041666666666668,plasmid
group_41574,0.25252525252525254,chrom
group_36139,0.9979035639412998,chrom
group_46045,0.0,plasmid
group_35973,0.9887218045112782,chrom
group_14957,1.0,chrom
group_13809,0.032,plasmid
group_36698,0.9985119047619048,chrom
ugpB~~~yesO,0.9929203539823008,chrom
group_48705,0.993421052631579,chrom
group_23787,0.0,plasmid
group_35007,1.0,chrom
yiaJ,1.0,chrom
fsa,1.0,chrom
group_13604,0.057291666666666664,plasmid
gsiB~~~ddpA,1.0,chrom
group_44913,1.0,chrom
group_29487,0.5384615384615384,chrom
wza~~~gfcE,0.9971590909090909,chrom
group_38357,1.0,chrom
group_28355,0.9896907216494846,chrom
group_33493,0.9983361064891847,chrom
araJ~~~nepI,1.0,chrom
group_45179,0.9907407407407407,chrom
zntR~~~merR,1.0,chrom
group_14127,0.0,plasmid
group_45045,1.0,chrom
rfaL,0.996268656716418,chrom
group_36616,1.0,chrom
glmU,0.9854014598540146,chrom
group_40793,1.0,chrom
group_26170,1.0,chrom
group_40628,1.0,chrom
group_37214,0.9914163090128756,chrom
group_41332,0.9775280898876404,chrom
group_37017,0.949748743718593,chrom
group_45673,0.0,plasmid
group_38528,1.0,chrom
group_38420,1.0,chrom
group_38996,1.0,chrom
group_47584,1.0,chrom
group_28654,0.05343511450381679,plasmid
group_22145,0.9978448275862069,chrom
hEPN,0.16115702479338842,plasmid
group_40939,0.3111111111111111,chrom
group_43860,1.0,chrom
group_36153,0.9358974358974359,chrom
group_35753,0.9852941176470589,chrom
group_36203,0.0,plasmid
group_23084,0.06097560975609756,plasmid
group_41362,0.9861111111111112,chrom
group_46559,0.012658227848101266,plasmid
group_33010,1.0,chrom
group_45270,0.0,plasmid
phfB~~~fimA,0.9984591679506933,chrom
group_46899,0.047619047619047616,plasmid
group_41814,1.0,chrom
group_40848,1.0,chrom
pqqF,0.9978354978354979,chrom
group_35718,0.38596491228070173,chrom
group_47046,0.06382978723404255,plasmid
group_1784,0.9980353634577603,chrom
group_29183,0.27692307692307694,chrom
group_39778,1.0,chrom
malX,1.0,chrom
group_35944,0.030864197530864196,plasmid
group_49152,0.8656716417910447,chrom
group_37557,1.0,chrom
pnuC,1.0,chrom
group_41762,0.990990990990991,chrom
group_37584,0.9833333333333333,chrom
araC~~~yeaM,1.0,chrom
group_42423,0.1527777777777778,plasmid
hisL,0.5150501672240803,chrom
group_47023,0.6602870813397129,chrom
group_39321,1.0,chrom
group_35948,1.0,chrom
group_43975,1.0,chrom
mscK~~~mscS,0.99644128113879,chrom
group_38196,1.0,chrom
group_41295,0.06179775280898876,plasmid
group_2841,0.02631578947368421,plasmid
group_12756,0.0625,plasmid
group_35857,1.0,chrom
qacE~~~qacEdelta1,0.07407407407407407,plasmid
group_36238,0.9900990099009901,chrom
fba,1.0,chrom
group_39097,0.8382352941176471,chrom
group_38993,1.0,chrom
group_38935,1.0,chrom
group_36832,1.0,chrom
lysR~~~ybdO,0.9938271604938271,chrom
group_39695,0.991304347826087,chrom
traH~~~trhH,0.061855670103092786,plasmid
group_37832,1.0,chrom
group_1849,0.045454545454545456,plasmid
group_37689,1.0,chrom
group_44040,1.0,chrom
group_22917,0.06417112299465241,plasmid
group_44413,1.0,chrom
group_43698,1.0,chrom
group_49407,0.9848484848484849,chrom
group_40263,1.0,chrom
group_35524,0.9922178988326849,chrom
group_46769,1.0,chrom
group_46538,0.9933333333333333,chrom
group_47850,1.0,chrom
group_42783,0.6379310344827587,chrom
iroN,0.995260663507109,chrom
cDA1,1.0,chrom
group_44376,0.44,chrom
klaA,0.06593406593406594,plasmid
group_37791,0.9938271604938271,chrom
group_10800,0.014492753623188406,plasmid
group_49406,0.9848484848484849,chrom
group_41887,0.9907407407407407,chrom
group_29244,0.0625,plasmid
group_46344,0.5192307692307693,chrom
group_41453,0.9925373134328358,chrom
group_37562,1.0,chrom
group_44977,1.0,chrom
group_42862,0.9888888888888889,chrom
group_34836,0.02830188679245283,plasmid
group_32126,1.0,chrom
group_38933,1.0,chrom
group_44228,0.9983443708609272,chrom
group_1936,0.0,plasmid
group_47985,0.9907407407407407,chrom
group_41286,0.9833333333333333,chrom
group_35971,1.0,chrom
group_1902,0.039473684210526314,plasmid
group_13642,1.0,chrom
group_16531,0.031746031746031744,plasmid
group_41139,0.9982547993019197,chrom
spoVV,1.0,chrom
group_33206,0.7837837837837838,chrom
iroC~~~msbA,0.995260663507109,chrom
group_48090,0.9949494949494949,chrom
group_15654,0.9895833333333334,chrom
group_32290,1.0,chrom
hpxO,1.0,chrom
group_28373,0.0,plasmid
group_15242,0.02617801047120419,plasmid
group_38955,1.0,chrom
group_22948,0.0,plasmid
group_39970,0.992,chrom
hisD,0.9936305732484076,chrom
glxA~~~araC,0.9956204379562044,chrom
rpsC,1.0,chrom
group_12846,0.0,plasmid
group_32062,0.00510204081632653,plasmid
group_47988,0.9924812030075187,chrom
group_42097,1.0,chrom
group_43519,0.9855072463768116,chrom
group_42735,1.0,chrom
group_33289,1.0,chrom
group_45243,1.0,chrom
ftsH~~~hflB,0.4787234042553192,chrom
group_48539,1.0,chrom
group_31431,0.012195121951219513,plasmid
group_2103,1.0,chrom
group_34125,0.9781021897810219,chrom
group_8031,0.01818181818181818,plasmid
group_36541,1.0,chrom
group_35297,1.0,chrom
group_37108,1.0,chrom
group_21700,0.0,plasmid
group_29675,1.0,chrom
group_31018,0.0,plasmid
group_38583,0.9936440677966102,chrom
group_47625,0.0,plasmid
group_9308,1.0,chrom
group_47974,0.0,plasmid
group_12804,0.07291666666666667,plasmid
group_39194,0.0,plasmid
group_46716,0.060109289617486336,plasmid
group_40188,0.8188405797101449,chrom
group_40854,1.0,chrom
group_40054,0.036036036036036036,plasmid
group_42474,0.007142857142857143,plasmid
yobV~~~insH~~~tnp,0.39215686274509803,chrom
group_23044,0.05,plasmid
group_46009,0.9956331877729258,chrom
group_48238,0.99,chrom
group_40316,1.0,chrom
group_44503,0.14423076923076922,plasmid
group_40830,1.0,chrom
group_48713,0.9979035639412998,chrom
gntP~~~gntT,1.0,chrom
trhB~~~htdO~~~tnp,0.04,plasmid
group_33215,1.0,chrom
group_48356,0.9939759036144579,chrom
group_15852,0.6025641025641025,chrom
group_38829,1.0,chrom
group_41970,1.0,chrom
group_5968,0.026737967914438502,plasmid
impA~~~tssA,1.0,chrom
group_45194,1.0,chrom
sul1~~~folP~~~qacE~~~qacEdelta1,0.0975609756097561,plasmid
melB~~~yicJ~~~rhiT,0.9985401459854014,chrom
group_34879,0.9985569985569985,chrom
group_43990,1.0,chrom
rmoA,0.0,plasmid
group_37379,0.9974160206718347,chrom
group_29621,1.0,chrom
group_43625,1.0,chrom
group_49397,0.9838709677419355,chrom
group_43534,0.9928571428571429,chrom
group_36866,0.9979123173277662,chrom
group_18239,0.13385826771653545,plasmid
terA,0.0546875,plasmid
group_25932,0.008928571428571428,plasmid
group_46616,0.9921875,chrom
group_45494,0.7528089887640449,chrom
group_41942,0.8787878787878788,chrom
group_39834,0.9917695473251029,chrom
group_34384,0.0,plasmid
group_32756,1.0,chrom
group_34771,0.989010989010989,chrom
nCS2,1.0,chrom
group_15130,0.9577464788732394,chrom
fbp,0.9523809523809523,chrom
yifL,0.6959847036328872,chrom
group_39758,1.0,chrom
group_39851,0.989010989010989,chrom
group_18603,0.2602739726027397,chrom
rclA,0.7364864864864865,chrom
iolS,0.9918032786885246,chrom
group_38686,0.9984101748807631,chrom
bisC~~~fdnG,0.02926829268292683,plasmid
group_9471,1.0,chrom
group_29563,1.0,chrom
group_41168,0.9945652173913043,chrom
bcsR,0.9986244841815681,chrom
group_40686,0.9981447124304267,chrom
baeS~~~walK~~~cusS,1.0,chrom
group_48504,1.0,chrom
group_47695,1.0,chrom
aaeB~~~yhcP,0.9814814814814815,chrom
group_39626,1.0,chrom
group_47861,0.8405797101449275,chrom
group_42187,0.9714285714285714,chrom
group_37414,0.18604651162790697,plasmid
group_47339,0.9885714285714285,chrom
group_43192,0.9952380952380953,chrom
group_23282,0.0,plasmid
group_43869,0.9886363636363636,chrom
group_43530,0.9941348973607038,chrom
intI1~~~xerD~~~insA,0.07100591715976332,plasmid
group_4162,0.9897959183673469,chrom
pfkB~~~deoR~~~rbsK,0.9947643979057592,chrom
yagG~~~melB,1.0,chrom
group_47284,0.9932432432432432,chrom
group_40824,0.9985052316890882,chrom
group_43206,0.922077922077922,chrom
group_43270,0.9986702127659575,chrom
fliO,0.98989898989899,chrom
group_40839,0.9565217391304348,chrom
group_33221,0.9984101748807631,chrom
group_36671,1.0,chrom
group_45669,0.13513513513513514,plasmid
group_47377,0.37333333333333335,chrom
yfjQ~~~yeeP~~~ykfA~~~yfjP,0.9823529411764705,chrom
tdh~~~yggC,0.9947643979057592,chrom
group_26751,0.013888888888888888,plasmid
group_39315,0.9848484848484849,chrom
group_19216,0.9959183673469387,chrom
dinI~~~msgA,0.9916666666666667,chrom
group_44683,0.557919621749409,chrom
group_39073,1.0,chrom
group_44758,1.0,chrom
group_34555,0.18604651162790697,plasmid
group_48095,1.0,chrom
group_23756,1.0,chrom
group_24680,0.9823008849557522,chrom
group_46076,1.0,chrom
fecE,0.5365853658536586,chrom
group_1823,0.05945945945945946,plasmid
nirD,0.9984101748807631,chrom
group_42280,0.9436619718309859,chrom
group_36872,1.0,chrom
group_23385,0.9945945945945946,chrom
group_6613,0.028481012658227847,plasmid
group_38666,0.0,plasmid
pepA,1.0,chrom
group_48913,0.9978858350951374,chrom
group_43421,0.3076923076923077,chrom
group_40603,0.9985549132947977,chrom
group_47458,1.0,chrom
group_36730,1.0,chrom
gfcA,0.9885386819484241,chrom
group_45820,0.0,plasmid
group_5316,0.026755852842809364,plasmid
group_47580,1.0,chrom
catD~~~doxX,0.9966666666666667,chrom
group_21479,0.026041666666666668,plasmid
group_39350,1.0,chrom
group_49453,0.15730337078651685,plasmid
group_42352,1.0,chrom
group_41038,0.12698412698412698,plasmid
group_42714,0.9969088098918083,chrom
group_39527,0.9947916666666666,chrom
group_33531,0.9907834101382489,chrom
group_41930,0.994475138121547,chrom
group_38226,0.996661101836394,chrom
group_34936,0.9975728155339806,chrom
htdZ,0.026595744680851064,plasmid
group_45883,0.7890625,chrom
group_35678,1.0,chrom
group_35304,1.0,chrom
group_44066,0.9971014492753624,chrom
group_48662,0.0707070707070707,plasmid
group_36256,0.9836065573770492,chrom
group_40065,1.0,chrom
group_46062,0.9961759082217974,chrom
aph6Id,0.14285714285714285,plasmid
srlD~~~srlB,0.9986754966887417,chrom
citA,1.0,chrom
group_26725,0.9979123173277662,chrom
group_45080,0.9882352941176471,chrom
group_21546,1.0,chrom
group_41856,0.057291666666666664,plasmid
ypdE,0.997093023255814,chrom
group_24120,1.0,chrom
group_48931,0.9933774834437086,chrom
group_32883,1.0,chrom
group_41753,0.9879518072289156,chrom
fepC,0.7782340862422998,chrom
group_44997,0.9954954954954955,chrom
group_44969,1.0,chrom
group_34179,1.0,chrom
group_29579,0.9980237154150198,chrom
group_28092,0.05434782608695652,plasmid
group_35447,1.0,chrom
yibI~~~yiaW,0.9969325153374233,chrom
group_40740,1.0,chrom
group_38399,1.0,chrom
purR~~~ascG,0.9985632183908046,chrom
group_43419,0.9915966386554622,chrom
group_36244,0.016666666666666666,plasmid
group_40106,0.9940298507462687,chrom
group_42258,1.0,chrom
group_31441,0.9978448275862069,chrom
group_25159,1.0,chrom
group_39368,1.0,chrom
group_44018,1.0,chrom
group_34710,1.0,chrom
group_45903,0.9752066115702479,chrom
group_37217,0.9927536231884058,chrom
group_40471,1.0,chrom
group_43961,0.8873239436619719,chrom
lrp~~~asnC,1.0,chrom
group_1962,0.12560386473429952,plasmid
group_45455,0.9666666666666667,chrom
group_42216,1.0,chrom
group_21072,1.0,chrom
group_45920,0.5492957746478874,chrom
group_36413,0.9959514170040485,chrom
group_28838,0.031914893617021274,plasmid
group_43060,0.0,plasmid
group_41737,0.29333333333333333,chrom
group_40420,1.0,chrom
group_30278,1.0,chrom
group_31693,1.0,chrom
group_42450,0.5555555555555556,chrom
group_41333,0.07246376811594203,plasmid
group_47270,1.0,chrom
sthD,1.0,chrom
group_46192,1.0,chrom
group_1856,0.055,plasmid
group_2065,0.9230769230769231,chrom
triG~~~pilX8,0.0,plasmid
group_22235,0.022222222222222223,plasmid
group_34746,0.9985611510791367,chrom
group_42707,0.9771863117870723,chrom
group_33113,0.9985443959243085,chrom
